map	op	pc	slot	prog	text	speaker_kind	record	sprite_type	name_in_etc	has_portrait	c4_name
1	0x0D	474	B	4	1	unowned:B	None	None	None	None	None
1	0x5C	548	B	5	128	rec	22	278	True	False	None
2	0x0D	841	C	13	132	rec	12	356	False	False	None
2	0x0D	855	C	13	133	rec	12	356	False	False	None
2	0x0D	867	C	13	135	rec	12	356	False	False	None
2	0x0D	889	C	13	136	rec	12	356	False	False	None
2	0x5C	902	C	13	137	rec	13	347	False	False	None
2	0x0D	907	C	13	138	rec	12	356	False	False	None
2	0x0D	952	C	14	134	rec	13	347	False	False	None
2	0x0D	1013	C	15	145	rec	14	356	False	False	None
2	0x0D	1026	C	15	146	rec	14	356	False	False	None
2	0x0D	1055	C	15	148	rec	14	356	False	False	None
2	0x0D	1124	C	16	147	rec	15	347	False	False	None
2	0x0D	1308	C	29	149	rec	28	421	False	False	None
2	0x0D	1388	F	2	22	rec	29	254	False	None	None
4	0x0D	1284	F	1	71	rec	19	254	False	None	None
5	0x0D	106	B	1	48	unowned:B	None	None	None	None	None
5	0x0D	148	B	1	55	unowned:B	None	None	None	None	None
5	0x0D	163	B	1	62	unowned:B	None	None	None	None	None
5	0x0D	218	B	2	49	unowned:B	None	None	None	None	None
5	0x0D	260	B	2	56	unowned:B	None	None	None	None	None
5	0x0D	275	B	2	63	unowned:B	None	None	None	None	None
5	0x0D	330	B	3	50	unowned:B	None	None	None	None	None
5	0x0D	372	B	3	57	unowned:B	None	None	None	None	None
5	0x0D	387	B	3	64	unowned:B	None	None	None	None	None
5	0x0D	442	B	4	51	unowned:B	None	None	None	None	None
5	0x0D	484	B	4	58	unowned:B	None	None	None	None	None
5	0x0D	499	B	4	65	unowned:B	None	None	None	None	None
5	0x0D	554	B	5	52	unowned:B	None	None	None	None	None
5	0x0D	596	B	5	59	unowned:B	None	None	None	None	None
5	0x0D	611	B	5	66	unowned:B	None	None	None	None	None
5	0x0D	666	B	6	53	unowned:B	None	None	None	None	None
5	0x0D	708	B	6	60	unowned:B	None	None	None	None	None
5	0x0D	723	B	6	67	unowned:B	None	None	None	None	None
5	0x0D	778	B	7	54	unowned:B	None	None	None	None	None
5	0x0D	820	B	7	61	unowned:B	None	None	None	None	None
5	0x0D	835	B	7	68	unowned:B	None	None	None	None	None
6	0x5C	209	B	2	129	rec	3	273	True	True	None
6	0x5C	216	B	2	130	rec	1	260	True	True	None
6	0x5C	223	B	2	128	rec	2	280	True	False	None
6	0x5C	230	B	2	131	rec	3	273	True	True	None
6	0x0D	1956	C	16	147	rec	0	260	True	True	None
6	0x0D	1970	C	16	148	rec	0	260	True	True	None
6	0x0D	1982	C	16	149	rec	0	260	True	True	None
6	0x0D	2013	C	17	143	rec	4	273	True	True	None
6	0x0D	2022	C	17	146	rec	4	273	True	True	None
6	0x0D	1656	C	6	133	rec	5	265	True	True	None
6	0x0D	1880	C	14	134	rec	7	267	True	True	None
6	0x0D	2068	C	18	144	rec	8	280	True	False	None
6	0x0D	2080	C	18	145	rec	8	280	True	False	None
6	0x0D	1684	C	7	137	rec	9	265	True	True	None
6	0x0D	1796	C	11	138	rec	10	266	True	True	None
6	0x0D	1908	C	15	139	rec	11	267	True	True	None
6	0x0D	1600	C	4	140	rec	12	260	True	True	None
6	0x0D	1712	C	8	141	rec	13	273	True	True	None
6	0x0D	1824	C	12	142	rec	14	280	True	False	None
6	0x0D	2424	F	5	21	rec	34	254	False	None	None
6	0x0D	2428	F	6	20	rec	35	254	False	None	None
7	0x0D	1260	B	9	1	unowned:B	None	None	None	None	None
7	0x0D	1296	B	10	128	unowned:B	None	None	None	None	None
7	0x0D	1513	B	10	129	unowned:B	None	None	None	None	None
7	0x0D	1571	B	10	130	unowned:B	None	None	None	None	None
7	0x0D	1634	B	10	131	unowned:B	None	None	None	None	None
7	0x0D	1796	F	4	23	rec	7	254	False	None	None
7	0x0D	1800	F	5	24	rec	8	254	False	None	None
7	0x0D	1809	F	6	25	rec	11	254	False	None	None
7	0x0D	1813	F	6	69	rec	11	254	False	None	None
8	0x0D	744	B	5	1	unowned:B	None	None	None	None	None
8	0x0D	1360	C	2	129	rec	9	266	True	True	None
8	0x0D	1297	C	1	128	rec	19	302	True	True	None
8	0x0D	1428	F	1	26	rec	20	254	False	None	None
8	0x0D	1432	F	2	27	rec	21	254	False	None	None
9	0x0D	152	F	1	29	rec	4	254	False	None	None
9	0x0D	156	F	2	28	rec	5	254	False	None	None
9	0x0D	160	F	3	30	rec	6	254	False	None	None
10	0x0D	458	B	1	1	unowned:B	None	None	None	None	None
10	0x0D	700	B	3	136	unowned:B	None	None	None	None	None
10	0x0D	720	B	3	186	unowned:B	None	None	None	None	None
10	0x0D	764	B	3	187	unowned:B	None	None	None	None	None
10	0x0D	776	B	3	188	unowned:B	None	None	None	None	None
10	0x5C	2433	B	20	189	rec	98	274	True	True	None
10	0x0D	2555	B	21	185	unowned:B	None	None	None	None	None
10	0x0D	2647	B	21	199	unowned:B	None	None	None	None	None
10	0x0D	2668	B	21	197	unowned:B	None	None	None	None	None
10	0x0D	3386	C	19	156	rec	4	280	True	False	None
10	0x0D	3357	C	19	152	rec	4	280	True	False	None
10	0x0D	3366	C	19	156	rec	4	280	True	False	None
10	0x0D	3437	C	20	153	rec	5	283	True	False	None
10	0x0D	3446	C	20	157	rec	5	283	True	False	None
10	0x0D	3509	C	21	154	rec	6	287	True	False	None
10	0x0D	3518	C	21	158	rec	6	287	True	False	None
10	0x0D	2704	C	1	128	rec	7	286	True	True	None
10	0x0D	2727	C	2	129	rec	9	286	True	True	None
10	0x0D	2738	C	2	130	rec	9	286	True	True	None
10	0x0D	2760	C	3	132	rec	10	286	True	True	None
10	0x0D	2780	C	4	133	rec	11	286	True	True	None
10	0x0D	2800	C	5	134	rec	12	286	True	True	None
10	0x0D	2820	C	6	135	rec	13	286	True	True	None
10	0x0D	3608	C	22	155	rec	16	286	True	True	None
10	0x0D	3617	C	22	159	rec	16	286	True	True	None
10	0x0D	6788	F	15	192	rec	18	247	False	None	None
10	0x0D	6784	F	14	191	rec	19	247	False	None	None
10	0x0D	6796	F	17	194	rec	20	247	False	None	None
10	0x0D	6792	F	16	193	rec	21	247	False	None	None
10	0x0D	2932	C	9	137	rec	24	286	True	True	None
10	0x0D	2956	C	10	138	rec	25	286	True	True	None
10	0x0D	2980	C	11	139	rec	26	286	True	True	None
10	0x0D	3004	C	12	140	rec	27	286	True	True	None
10	0x0D	3028	C	13	141	rec	28	286	True	True	None
10	0x0D	3052	C	14	142	rec	29	286	True	True	None
10	0x0D	3076	C	15	143	rec	30	286	True	True	None
10	0x0D	3100	C	16	144	rec	31	286	True	True	None
10	0x0D	6808	F	20	200	rec	32	247	False	None	None
10	0x0D	3124	C	17	145	rec	33	302	True	True	None
10	0x0D	3202	C	18	146	rec	34	268	True	True	None
10	0x0D	3245	C	18	147	rec	34	268	True	True	None
10	0x0D	3253	C	18	148	rec	34	268	True	True	None
10	0x0D	3263	C	18	149	rec	34	268	True	True	None
10	0x0D	3288	C	18	151	rec	34	268	True	True	None
10	0x0D	3185	C	18	150	rec	34	268	True	True	None
10	0x0D	6800	F	18	196	rec	35	247	False	None	None
10	0x0D	3827	C	26	161	rec	36	263	True	False	None
10	0x0D	3749	C	24	162	rec	37	256	True	True	None
10	0x0D	3783	C	25	163	rec	38	259	True	True	None
10	0x0D	3649	C	23	160	rec	39	268	True	True	None
10	0x0D	3719	C	23	171	rec	39	268	True	True	None
10	0x0D	3900	C	27	184	rec	42	302	True	True	None
10	0x0D	3935	C	27	176	rec	42	302	True	True	None
10	0x0D	3959	C	28	175	rec	43	302	True	True	None
10	0x0D	6816	F	21	201	rec	67	247	False	None	None
10	0x0D	5805	C	58	173	rec	83	261	True	True	None
10	0x0D	5841	C	59	172	rec	84	286	True	True	None
10	0x0D	5850	C	59	165	rec	84	286	True	True	None
10	0x0D	6001	C	61	177	rec	85	256	True	True	None
10	0x0D	6043	C	62	179	rec	86	268	True	True	None
10	0x0D	6088	C	63	178	rec	87	275	True	False	None
10	0x0D	5944	C	60	180	rec	88	302	True	True	None
10	0x0D	6115	C	64	181	rec	89	256	True	True	None
10	0x5C	6124	C	64	182	rec	90	268	True	True	None
10	0x0D	6249	C	67	183	rec	92	302	True	True	None
10	0x0D	6780	F	13	31	rec	99	254	False	None	None
10	0x0D	6804	F	19	195	rec	106	247	False	None	None
10	0x0D	6529	C	76	198	rec	108	286	True	True	None
10	0x0D	6537	C	76	206	rec	108	286	True	True	None
10	0x0D	6560	C	77	202	rec	111	286	True	True	None
10	0x0D	6589	C	78	203	rec	112	286	True	True	None
10	0x0D	6598	C	78	165	rec	112	286	True	True	None
10	0x0D	6620	C	79	166	rec	113	286	True	True	None
10	0x0D	6644	C	80	167	rec	114	286	True	True	None
10	0x0D	6669	C	81	168	rec	115	286	True	True	None
10	0x0D	6677	C	81	167	rec	115	286	True	True	None
10	0x0D	6820	F	22	70	rec	116	254	False	None	None
11	0x0D	372	C	35	126	rec	35	256	True	True	None
11	0x0D	389	C	35	127	rec	35	256	True	True	None
11	0x0D	521	F	5	3	rec	38	278	True	False	None
12	0x0D	244	B	2	9	unowned:B	None	None	None	None	None
12	0x0D	319	B	3	9	unowned:B	None	None	None	None	None
12	0x0D	397	B	5	1	unowned:B	None	None	None	None	None
12	0x0D	832	F	1	34	rec	1	254	False	None	None
12	0x0D	836	F	2	35	rec	2	254	False	None	None
13	0x0D	720	F	1	36	rec	21	254	False	None	None
14	0x0D	455	C	1	128	rec	15	400	True	True	None
14	0x0D	569	F	2	37	rec	16	254	False	None	None
14	0x0D	573	F	2	72	rec	16	254	False	None	None
15	0x0D	1056	F	4	38	rec	3	254	False	None	None
15	0x0D	1045	F	3	39	rec	14	254	False	None	None
15	0x0D	1049	F	3	73	rec	14	254	False	None	None
16	0x0D	180	B	1	9	unowned:B	None	None	None	None	None
16	0x0D	307	B	3	9	unowned:B	None	None	None	None	None
16	0x0D	572	F	2	40	rec	3	254	False	None	None
16	0x0D	576	F	3	41	rec	4	254	False	None	None
16	0x0D	580	F	4	42	rec	5	254	False	None	None
17	0x5C	1594	B	13	184	rec	17	378	True	True	None
17	0x5C	1601	B	13	185	rec	18	377	False	False	None
17	0x5C	1612	B	13	186	rec	19	377	False	False	None
17	0x5C	1928	B	14	180	rec	20	378	True	True	None
17	0x0D	2074	B	19	1	unowned:B	None	None	None	None	None
17	0x5C	2412	B	20	162	player	None	0	False	None	None
17	0x5C	2268	B	20	163	rec	29	378	True	True	None
17	0x5C	2437	B	20	164	player	None	0	False	None	None
17	0x5C	2282	B	20	165	rec	29	378	True	True	None
17	0x5C	2319	B	20	166	rec	32	377	False	False	None
17	0x5C	2324	B	20	167	self-unowned	None	None	None	None	None
17	0x5C	3027	C	20	177	rec	20	378	True	True	None
17	0x5C	3039	C	21	178	rec	21	377	False	False	None
17	0x5C	3147	C	22	179	rec	22	377	False	False	None
19	0x0D	1035	B	13	9	unowned:B	None	None	None	None	None
19	0x0D	1091	B	14	9	unowned:B	None	None	None	None	None
19	0x5C	1201	C	6	128	rec	6	370	False	False	None
19	0x5C	1206	C	6	129	rec	6	370	False	False	None
19	0x5C	1233	C	17	128	rec	17	370	False	False	None
19	0x5C	1238	C	17	130	rec	17	370	False	False	None
19	0x0D	1308	F	1	43	rec	19	254	False	None	None
19	0x0D	1312	F	2	44	rec	20	254	False	None	None
20	0x0D	664	F	1	45	rec	5	254	False	None	None
20	0x0D	668	F	2	46	rec	6	254	False	None	None
20	0x0D	672	F	3	47	rec	7	254	False	None	None
21	0x0D	91	B	1	131	unowned:B	None	None	None	None	None
21	0x0D	106	B	1	148	unowned:B	None	None	None	None	None
21	0x0D	116	B	1	149	unowned:B	None	None	None	None	None
21	0x0D	138	B	1	147	unowned:B	None	None	None	None	None
21	0x0D	165	B	1	166	unowned:B	None	None	None	None	None
21	0x0D	149	B	1	146	unowned:B	None	None	None	None	None
21	0x0D	173	B	1	138	unowned:B	None	None	None	None	None
21	0x0D	235	B	2	132	unowned:B	None	None	None	None	None
21	0x0D	283	B	2	138	unowned:B	None	None	None	None	None
21	0x0D	348	B	3	133	unowned:B	None	None	None	None	None
21	0x0D	395	B	3	138	unowned:B	None	None	None	None	None
21	0x0D	460	B	4	134	unowned:B	None	None	None	None	None
21	0x0D	507	B	4	138	unowned:B	None	None	None	None	None
21	0x0D	572	B	5	135	unowned:B	None	None	None	None	None
21	0x0D	619	B	5	138	unowned:B	None	None	None	None	None
21	0x0D	684	B	6	136	unowned:B	None	None	None	None	None
21	0x0D	734	B	6	138	unowned:B	None	None	None	None	None
21	0x0D	767	B	7	129	unowned:B	None	None	None	None	None
21	0x0D	811	B	8	137	unowned:B	None	None	None	None	None
21	0x0D	825	B	8	138	unowned:B	None	None	None	None	None
21	0x0D	867	B	9	137	unowned:B	None	None	None	None	None
21	0x0D	881	B	9	138	unowned:B	None	None	None	None	None
21	0x0D	1109	B	12	87	unowned:B	None	None	None	None	None
22	0x0D	385	B	3	139	unowned:B	None	None	None	None	None
22	0x0D	621	B	5	144	unowned:B	None	None	None	None	None
22	0x0D	1556	C	23	150	rec	5	301	False	False	None
22	0x0D	790	C	6	14	rec	7	299	False	False	None
22	0x0D	1476	C	12	156	rec	14	398	False	False	None
23	0x0D	303	B	1	142	unowned:B	None	None	None	None	None
23	0x0D	567	B	6	155	unowned:B	None	None	None	None	None
23	0x0D	958	C	12	145	rec	13	254	False	None	None
23	0x0D	987	C	12	151	rec	13	254	False	None	None
23	0x0D	1168	C	15	14	rec	14	299	False	False	None
23	0x0D	1291	C	22	1	rec	21	323	False	False	None
24	0x0D	822	C	7	154	rec	16	254	False	None	None
25	0xC4	118	B	1	158	self-unowned	None	None	None	None	444
25	0x5C	455	B	2	167	player	None	0	False	None	None
25	0xC4	267	B	2	159	self-unowned	None	None	None	None	444
25	0xC4	285	B	2	162	self-unowned	None	None	None	None	444
25	0xC4	322	B	2	165	self-unowned	None	None	None	None	444
25	0xC4	344	B	2	163	self-unowned	None	None	None	None	444
25	0xC4	361	B	2	164	self-unowned	None	None	None	None	444
26	0x0D	1239	C	28	8	rec	27	301	False	False	None
26	0x0D	1273	C	31	135	rec	30	370	False	False	None
26	0x0D	1289	C	31	136	rec	30	370	False	False	None
26	0x0D	1296	C	31	137	rec	30	370	False	False	None
26	0x0D	1303	C	31	138	rec	30	370	False	False	None
27	0x0D	1486	C	50	144	rec	49	254	False	None	None
29	0x0D	580	C	9	130	rec	8	370	False	False	None
29	0x0D	598	C	9	14	rec	8	370	False	False	None
29	0x0D	588	C	9	129	rec	8	370	False	False	None
29	0x0D	712	C	10	130	rec	9	370	False	False	None
29	0x0D	730	C	10	14	rec	9	370	False	False	None
29	0x0D	720	C	10	129	rec	9	370	False	False	None
30	0x0D	1894	C	29	141	rec	28	370	False	False	None
30	0x5C	691	C	29	146	player	None	0	False	None	None
30	0x0D	2013	C	29	142	rec	28	370	False	False	None
31	0x0D	142	B	3	89	unowned:B	None	None	None	None	None
31	0x0D	180	B	4	147	unowned:B	None	None	None	None	None
31	0x0D	264	C	1	130	rec	0	370	False	False	None
31	0x0D	282	C	1	14	rec	0	370	False	False	None
31	0x0D	272	C	1	129	rec	0	370	False	False	None
31	0x0D	396	C	2	130	rec	1	370	False	False	None
31	0x0D	414	C	2	14	rec	1	370	False	False	None
31	0x0D	404	C	2	129	rec	1	370	False	False	None
32	0x0D	787	C	21	1	rec	20	323	False	False	None
34	0x0D	211	B	2	145	unowned:B	None	None	None	None	None
35	0x0D	140	B	2	169	unowned:B	None	None	None	None	None
35	0x0D	328	B	4	171	unowned:B	None	None	None	None	None
36	0x0D	107	B	1	170	unowned:B	None	None	None	None	None
36	0x0D	322	C	1	5	rec	0	30	False	None	None
36	0x0D	333	C	1	2	rec	0	30	False	None	None
37	0x0D	226	C	3	5	rec	16	30	False	None	None
37	0x0D	239	C	3	2	rec	16	30	False	None	None
38	0x0D	219	C	1	132	rec	0	377	False	False	None
38	0x0D	310	C	3	5	rec	2	30	False	None	None
38	0x0D	323	C	3	2	rec	2	30	False	None	None
39	0x0D	198	C	3	5	rec	3	30	False	None	None
39	0x0D	211	C	3	2	rec	3	30	False	None	None
40	0x0D	282	B	2	129	unowned:B	None	None	None	None	None
40	0x0D	678	C	6	5	rec	8	30	False	None	None
40	0x0D	689	C	6	2	rec	8	30	False	None	None
40	0x0D	763	C	8	130	rec	14	386	False	False	None
40	0x0D	794	C	8	131	rec	14	386	False	False	None
41	0x0D	316	B	1	88	unowned:B	None	None	None	None	None
41	0x5C	352	B	1	128	rec	0	379	True	True	None
41	0x5C	369	B	1	129	rec	1	339	True	True	None
41	0x5C	542	B	2	135	rec	1	339	True	True	None
41	0x5C	562	B	2	136	rec	0	379	True	True	None
41	0x5C	590	B	2	137	rec	1	339	True	True	None
41	0x5C	656	B	2	138	rec	1	339	True	True	None
41	0x5C	661	B	2	139	rec	1	339	True	True	None
41	0x0D	1483	F	24	1	rec	24	323	False	False	None
42	0x5C	176	B	1	228	rec	0	379	True	True	None
42	0x5C	245	B	1	229	rec	0	379	True	True	None
42	0x5C	263	B	1	132	rec	0	379	True	True	None
42	0x5C	268	B	1	133	rec	1	339	True	True	None
42	0x5C	291	B	1	134	rec	1	339	True	True	None
42	0x0D	727	F	16	1	rec	16	324	False	False	None
42	0x0D	755	F	18	1	rec	18	324	False	False	None
44	0x0D	237	B	1	112	unowned:B	None	None	None	None	None
44	0x0D	268	B	2	129	unowned:B	None	None	None	None	None
44	0x5C	775	B	5	132	rec	16	282	True	False	None
44	0x0D	1027	B	5	135	unowned:B	None	None	None	None	None
44	0x5C	933	B	5	133	rec	16	282	True	False	None
44	0x0D	977	B	5	134	unowned:B	None	None	None	None	None
44	0x0D	1856	C	17	130	rec	16	282	True	False	None
44	0x5C	1884	C	17	131	rec	16	282	True	False	None
47	0x0D	219	B	1	147	unowned:B	None	None	None	None	None
47	0x0D	260	C	1	128	rec	0	339	True	True	None
47	0x0D	303	C	1	129	rec	0	339	True	True	None
47	0x0D	356	C	4	140	rec	3	339	True	True	None
47	0x0D	367	C	4	141	rec	3	339	True	True	None
47	0x0D	383	C	4	142	rec	3	339	True	True	None
47	0x0D	458	C	4	144	rec	3	339	True	True	None
47	0x0D	474	C	4	145	rec	3	339	True	True	None
47	0x0D	480	C	4	146	rec	3	339	True	True	None
47	0x0D	509	C	5	143	rec	4	379	True	True	None
48	0x0D	1124	C	40	230	rec	40	400	True	True	None
48	0x0D	1128	C	40	231	rec	40	400	True	True	None
48	0x0D	1147	C	40	231	rec	40	400	True	True	None
48	0x0D	1157	C	40	232	rec	40	400	True	True	None
48	0x0D	1190	C	41	233	rec	41	400	True	True	None
48	0x0D	1246	C	41	235	rec	41	400	True	True	None
48	0x0D	1317	F	41	234	rec	41	400	True	True	None
48	0x0D	1323	F	41	236	rec	41	400	True	True	None
49	0x0D	852	B	6	1	unowned:B	None	None	None	None	None
49	0x0D	1312	C	18	142	rec	18	400	True	True	None
49	0x0D	1403	C	18	143	rec	18	400	True	True	None
49	0x0D	1426	C	18	136	rec	18	400	True	True	None
50	0x0D	296	B	2	1	unowned:B	None	None	None	None	None
51	0x0D	596	B	7	1	unowned:B	None	None	None	None	None
51	0x5C	658	C	20	140	rec	21	400	True	True	None
51	0x0D	751	C	21	141	rec	21	400	True	True	None
51	0x0D	853	F	21	141	rec	21	400	True	True	None
52	0x0D	1116	B	7	1	unowned:B	None	None	None	None	None
52	0x0D	1511	C	36	138	rec	36	400	True	True	None
52	0x0D	1543	C	36	139	rec	36	400	True	True	None
52	0x0D	2084	F	62	237	rec	62	254	False	None	None
53	0x5C	266	B	2	129	rec	7	400	True	True	None
53	0x0D	316	B	3	100	unowned:B	None	None	None	None	None
53	0x5C	401	B	3	228	rec	8	302	True	True	None
53	0x0D	1005	C	6	1	rec	6	326	False	False	None
53	0x5C	1162	C	7	128	rec	7	400	True	True	None
53	0x5C	1145	C	7	128	rec	7	400	True	True	None
53	0x5C	1373	F	7	130	rec	7	400	True	True	None
54	0x0D	884	B	9	132	unowned:B	None	None	None	None	None
54	0x5C	1262	B	14	136	rec	39	400	True	True	None
54	0x0D	1596	C	12	229	rec	12	400	True	True	None
54	0x0D	1668	C	18	131	rec	18	400	True	True	None
54	0x0D	1943	C	39	133	rec	39	400	True	True	None
54	0x0D	1961	C	39	134	rec	39	400	True	True	None
54	0x0D	2220	C	39	137	rec	39	400	True	True	None
54	0x0D	1951	C	39	135	rec	39	400	True	True	None
54	0x0D	2240	F	39	137	rec	39	400	True	True	None
55	0x0D	402	C	6	130	rec	6	30	False	None	None
55	0x0D	413	C	6	2	rec	6	30	False	None	None
55	0x0D	710	C	12	3	rec	12	30	False	None	None
55	0x0D	721	C	12	2	rec	12	30	False	None	None
55	0x0D	1963	F	3	1	rec	28	326	False	False	None
56	0x0D	2023	C	23	5	rec	20	30	False	None	None
56	0x0D	2034	C	23	2	rec	20	30	False	None	None
57	0x0D	114	C	1	3	rec	0	30	False	None	None
57	0x0D	125	C	1	2	rec	0	30	False	None	None
57	0x0D	338	C	5	129	rec	4	30	False	None	None
57	0x0D	349	C	5	2	rec	4	30	False	None	None
57	0x0D	711	F	3	1	rec	14	326	False	False	None
58	0x0D	142	B	2	134	unowned:B	None	None	None	None	None
58	0x0D	607	F	1	133	rec	0	299	False	False	None
58	0x0D	620	F	2	130	rec	6	326	False	False	None
58	0x0D	370	C	7	130	rec	7	30	False	None	None
58	0x0D	381	C	7	2	rec	7	30	False	None	None
60	0x0D	107	B	1	135	unowned:B	None	None	None	None	None
60	0x0D	787	C	12	130	rec	11	30	False	None	None
60	0x0D	798	C	12	2	rec	11	30	False	None	None
61	0x0D	394	B	1	85	unowned:B	None	None	None	None	None
61	0x5C	684	B	3	141	rec	21	347	False	False	None
61	0x5C	691	B	3	142	rec	21	347	False	False	None
61	0x5C	698	B	3	143	rec	20	265	True	True	None
61	0x5C	708	B	3	144	rec	20	265	True	True	None
61	0x5C	719	B	3	166	rec	21	347	False	False	None
61	0x0D	1194	C	1	136	rec	0	254	False	None	None
61	0x0D	1214	C	4	139	rec	3	254	False	None	None
61	0x0D	1300	C	21	145	rec	20	265	True	True	None
61	0x0D	1307	C	21	146	rec	20	265	True	True	None
61	0x5C	1314	C	21	3	player	None	0	False	None	None
61	0x5C	1365	C	21	147	player	None	0	False	None	None
61	0x0D	1948	C	31	178	rec	30	306	False	False	None
62	0x0D	770	B	3	1	unowned:B	None	None	None	None	None
62	0x0D	1118	C	1	148	rec	0	254	False	None	None
62	0x0D	1134	C	2	179	rec	1	254	False	None	None
62	0x0D	1150	C	3	150	rec	2	254	False	None	None
62	0x0D	1465	C	26	180	rec	25	245	False	None	None
62	0x0D	1763	C	30	1	rec	29	326	False	False	None
62	0x0D	1798	C	31	187	rec	30	254	False	None	None
63	0x5C	970	C	35	184	player	None	0	False	None	None
64	0x5C	331	B	1	181	rec	21	347	False	False	None
64	0x5C	850	C	25	182	player	None	0	False	None	None
64	0x5C	860	C	25	183	player	None	0	False	None	None
64	0x5C	870	C	25	3	player	None	0	False	None	None
66	0x0D	948	F	1	168	rec	0	254	False	None	None
66	0x0D	952	F	2	169	rec	1	254	False	None	None
67	0x0D	976	C	37	170	rec	36	305	False	False	None
68	0x5C	330	B	1	153	rec	0	267	True	True	None
68	0x5C	438	B	1	171	rec	0	267	True	True	None
68	0x5C	564	B	1	156	rec	0	267	True	True	None
68	0x0D	694	B	3	12	unowned:B	None	None	None	None	None
68	0x0D	862	C	1	157	rec	0	267	True	True	None
68	0x0D	881	C	1	173	rec	0	267	True	True	None
68	0x0D	898	C	1	172	rec	0	267	True	True	None
68	0x5C	909	C	1	152	player	None	0	False	None	None
68	0x0D	1225	C	23	186	rec	22	254	False	None	None
69	0x0D	298	B	1	90	unowned:B	None	None	None	None	None
70	0x0D	130	B	1	1	unowned:B	None	None	None	None	None
71	0x0D	476	C	1	136	rec	0	306	False	False	None
71	0x0D	490	C	3	135	rec	2	254	False	None	None
72	0x0D	198	B	1	1	unowned:B	None	None	None	None	None
74	0x0D	687	C	21	1	rec	20	324	False	False	None
76	0x0D	159	B	1	131	unowned:B	None	None	None	None	None
76	0x5C	527	B	2	137	player	None	0	False	None	None
76	0x0D	280	B	2	138	unowned:B	None	None	None	None	None
76	0xC4	337	B	2	139	self-unowned	None	None	None	None	432
76	0xC4	395	B	2	140	self-unowned	None	None	None	None	432
76	0xC4	414	B	2	141	self-unowned	None	None	None	None	432
77	0x0D	946	B	5	97	unowned:B	None	None	None	None	None
78	0x5C	376	B	1	218	rec	14	377	False	False	None
78	0x0D	774	B	2	219	unowned:B	None	None	None	None	None
79	0x0D	310	B	4	97	unowned:B	None	None	None	None	None
79	0x0D	336	C	7	220	rec	7	30	False	None	None
80	0x0D	1402	B	6	92	unowned:B	None	None	None	None	None
80	0x0D	2291	F	6	1	rec	6	326	False	False	None
84	0x0D	525	B	1	1	unowned:B	None	None	None	None	None
84	0x0D	673	B	3	186	unowned:B	None	None	None	None	None
84	0x5C	2047	B	3	210	player	None	0	False	None	None
84	0x0D	784	B	3	211	unowned:B	None	None	None	None	None
84	0x0D	840	B	3	212	unowned:B	None	None	None	None	None
84	0xC4	845	B	3	187	player	None	0	False	None	366
84	0x0D	1053	B	4	12	unowned:B	None	None	None	None	None
84	0x0D	1161	B	5	12	unowned:B	None	None	None	None	None
84	0x0D	1274	B	6	209	unowned:B	None	None	None	None	None
84	0x0D	1993	B	11	12	unowned:B	None	None	None	None	None
84	0x0D	3060	F	47	208	rec	47	254	False	None	None
85	0x0D	109	B	1	92	unowned:B	None	None	None	None	None
86	0x0D	242	B	1	1	unowned:B	None	None	None	None	None
86	0x0D	358	B	4	94	unowned:B	None	None	None	None	None
88	0x0D	374	B	1	1	unowned:B	None	None	None	None	None
88	0x0D	470	B	2	1	unowned:B	None	None	None	None	None
89	0x0D	366	B	2	1	unowned:B	None	None	None	None	None
91	0x0D	228	C	3	134	rec	2	308	False	False	None
91	0x0D	320	C	4	134	rec	3	308	False	False	None
91	0x0D	412	C	5	134	rec	4	308	False	False	None
91	0x0D	504	C	6	134	rec	5	308	False	False	None
92	0x0D	918	C	38	132	rec	37	246	False	None	None
92	0x0D	931	C	38	129	rec	37	246	False	None	None
92	0x0D	966	C	39	131	rec	38	246	False	None	None
92	0x0D	979	C	39	129	rec	38	246	False	None	None
92	0x0D	1134	C	52	133	rec	51	246	False	None	None
92	0x0D	1147	C	52	129	rec	51	246	False	None	None
92	0x0D	1638	C	68	130	rec	67	246	False	None	None
92	0x0D	1651	C	68	129	rec	67	246	False	None	None
94	0x0D	282	B	3	1	unowned:B	None	None	None	None	None
95	0x5C	355	B	1	136	player	None	0	False	None	None
95	0x0D	154	B	2	138	unowned:B	None	None	None	None	None
95	0xC4	209	B	2	135	self-unowned	None	None	None	None	411
95	0xC4	265	B	2	137	self-unowned	None	None	None	None	411
100	0x0D	410	B	8	93	unowned:B	None	None	None	None	None
109	0x5C	623	B	1	139	player	None	0	False	None	None
109	0x0D	554	B	7	104	unowned:B	None	None	None	None	None
109	0x0D	580	B	8	138	unowned:B	None	None	None	None	None
110	0x0D	1371	C	34	1	rec	34	324	False	False	None
115	0x5C	254	B	2	178	rec	22	426	True	False	None
115	0x0D	891	B	5	134	unowned:B	None	None	None	None	None
115	0x0D	905	B	5	133	unowned:B	None	None	None	None	None
115	0x0D	987	B	6	129	unowned:B	None	None	None	None	None
115	0x0D	1118	B	8	81	unowned:B	None	None	None	None	None
117	0x0D	173	B	1	131	unowned:B	None	None	None	None	None
117	0x0D	1048	C	20	128	rec	18	426	True	False	None
123	0x0D	146	B	1	129	unowned:B	None	None	None	None	None
123	0x0D	214	B	3	91	unowned:B	None	None	None	None	None
123	0x0D	258	C	3	14	rec	2	299	False	False	None
123	0x0D	368	C	8	130	rec	7	434	False	False	None
124	0x0D	231	C	14	1	rec	13	326	False	False	None
124	0x0D	259	C	15	1	rec	14	326	False	False	None
124	0x0D	287	C	16	1	rec	15	326	False	False	None
126	0x5C	940	C	13	15	player	None	0	False	None	None
126	0x0D	1114	C	47	14	rec	46	299	False	False	None
134	0x5C	87	B	1	130	rec	0	417	True	True	None
134	0x5C	105	B	1	151	rec	0	417	True	True	None
134	0x5C	131	B	1	135	rec	0	417	True	True	None
134	0x5C	136	B	1	151	rec	0	417	True	True	None
134	0x5C	175	B	2	131	rec	0	417	True	True	None
134	0x5C	193	B	2	151	rec	0	417	True	True	None
134	0x5C	219	B	2	135	rec	0	417	True	True	None
134	0x5C	224	B	2	151	rec	0	417	True	True	None
134	0x5C	263	B	3	132	rec	0	417	True	True	None
134	0x5C	281	B	3	151	rec	0	417	True	True	None
134	0x5C	307	B	3	135	rec	0	417	True	True	None
134	0x5C	312	B	3	151	rec	0	417	True	True	None
134	0x5C	351	B	4	133	rec	0	417	True	True	None
134	0x5C	369	B	4	151	rec	0	417	True	True	None
134	0x5C	395	B	4	135	rec	0	417	True	True	None
134	0x5C	400	B	4	151	rec	0	417	True	True	None
134	0x0D	476	C	1	141	rec	0	417	True	True	None
134	0x0D	485	C	1	142	rec	0	417	True	True	None
134	0x0D	489	C	1	143	rec	0	417	True	True	None
134	0x0D	649	C	1	144	rec	0	417	True	True	None
134	0x0D	797	C	1	147	rec	0	417	True	True	None
134	0x0D	960	C	1	148	rec	0	417	True	True	None
134	0x0D	973	C	1	150	rec	0	417	True	True	None
134	0x0D	700	C	1	146	rec	0	417	True	True	None
134	0x0D	722	C	1	137	rec	0	417	True	True	None
134	0x0D	739	C	1	139	rec	0	417	True	True	None
134	0x0D	745	C	1	140	rec	0	417	True	True	None
134	0x0D	757	C	1	138	rec	0	417	True	True	None
134	0x0D	718	C	1	136	rec	0	417	True	True	None
134	0x0D	770	C	1	129	rec	0	417	True	True	None
134	0x0D	766	C	1	128	rec	0	417	True	True	None
134	0x0D	462	C	1	150	rec	0	417	True	True	None
134	0x0D	682	C	1	150	rec	0	417	True	True	None
134	0x0D	1068	C	4	145	rec	9	113	False	None	None
134	0x0D	1124	C	5	145	rec	10	81	False	None	None
134	0x0D	1316	C	9	145	rec	11	113	False	None	None
134	0x0D	1172	C	6	145	rec	12	83	False	None	None
134	0x0D	1372	C	10	145	rec	13	113	False	None	None
134	0x0D	1220	C	7	145	rec	14	85	False	None	None
134	0x0D	1428	C	11	145	rec	15	113	False	None	None
134	0x0D	1266	C	8	145	rec	16	37	False	None	None
135	0x0D	442	B	4	180	unowned:B	None	None	None	None	None
135	0x5C	655	B	7	223	rec	13	268	True	True	None
135	0x5C	695	B	8	232	rec	13	268	True	True	None
135	0x5C	775	B	11	242	rec	13	268	True	True	None
135	0x5C	854	B	13	220	rec	27	261	True	True	None
135	0x0D	990	C	1	128	rec	0	261	True	True	None
135	0x0D	1048	C	1	129	rec	0	261	True	True	None
135	0x0D	1065	C	1	131	rec	0	261	True	True	None
135	0x0D	1111	C	1	130	rec	0	261	True	True	None
135	0x0D	1003	C	1	130	rec	0	261	True	True	None
135	0x0D	1140	C	2	132	rec	1	261	True	True	None
135	0x0D	1164	C	3	133	rec	2	261	True	True	None
135	0x0D	1188	C	4	134	rec	3	261	True	True	None
135	0x0D	1188	C	4	134	rec	5	261	True	True	None
135	0x0D	1212	C	5	135	rec	4	261	True	True	None
135	0x0D	1212	C	5	135	rec	6	261	True	True	None
135	0x0D	2743	C	12	181	rec	11	261	True	True	None
135	0x0D	2729	C	12	173	rec	11	261	True	True	None
135	0x0D	2736	C	12	172	rec	11	261	True	True	None
135	0x0D	2717	C	12	172	rec	11	261	True	True	None
135	0x0D	2710	C	12	208	rec	11	261	True	True	None
135	0x0D	2703	C	12	158	rec	11	261	True	True	None
135	0x0D	2696	C	12	154	rec	11	261	True	True	None
135	0x0D	2689	C	12	128	rec	11	261	True	True	None
135	0x0D	2682	C	12	128	rec	11	261	True	True	None
135	0x0D	2675	C	12	153	rec	11	261	True	True	None
135	0x0D	2668	C	12	152	rec	11	261	True	True	None
135	0x0D	2661	C	12	150	rec	11	261	True	True	None
135	0x0D	2654	C	12	149	rec	11	261	True	True	None
135	0x0D	2647	C	12	148	rec	11	261	True	True	None
135	0x0D	2909	F	4	155	rec	12	274	True	True	None
135	0x0D	2902	F	4	128	rec	12	274	True	True	None
135	0x0D	2895	F	4	128	rec	12	274	True	True	None
135	0x0D	2888	F	4	128	rec	12	274	True	True	None
135	0x0D	2881	F	4	128	rec	12	274	True	True	None
135	0x0D	2874	F	4	151	rec	12	274	True	True	None
135	0x0D	2867	F	4	128	rec	12	274	True	True	None
135	0x0D	2860	F	4	128	rec	12	274	True	True	None
135	0x0D	1277	C	6	144	rec	13	268	True	True	None
135	0x0D	1404	C	6	254	rec	13	268	True	True	None
135	0x0D	1410	C	6	140	rec	13	268	True	True	None
135	0x5C	1416	C	6	142	player	None	0	False	None	None
135	0x0D	1429	C	6	141	rec	13	268	True	True	None
135	0x0D	1527	C	6	143	rec	13	268	True	True	None
135	0x0D	1559	C	6	147	rec	13	268	True	True	None
135	0x0D	1583	C	6	234	rec	13	268	True	True	None
135	0x0D	1611	C	6	244	rec	13	268	True	True	None
135	0x0D	1663	C	6	245	rec	13	268	True	True	None
135	0x0D	1589	C	6	243	rec	13	268	True	True	None
135	0x0D	1675	C	6	246	rec	13	268	True	True	None
135	0x0D	1689	C	6	253	rec	13	268	True	True	None
135	0x0D	1697	C	6	254	rec	13	268	True	True	None
135	0x0D	1714	C	6	237	rec	13	268	True	True	None
135	0x0D	1722	C	6	238	rec	13	268	True	True	None
135	0x0D	1754	C	6	239	rec	13	268	True	True	None
135	0x0D	1760	C	6	240	rec	13	268	True	True	None
135	0x0D	1764	C	6	241	rec	13	268	True	True	None
135	0x0D	1883	C	6	233	rec	13	268	True	True	None
135	0x0D	1887	C	6	234	rec	13	268	True	True	None
135	0x0D	1904	C	6	227	rec	13	268	True	True	None
135	0x0D	1971	C	6	236	rec	13	268	True	True	None
135	0x0D	1995	C	6	224	rec	13	268	True	True	None
135	0x0D	2002	C	6	225	rec	13	268	True	True	None
135	0x0D	2019	C	6	227	rec	13	268	True	True	None
135	0x0D	2066	C	6	226	rec	13	268	True	True	None
135	0x0D	2084	C	6	222	rec	13	268	True	True	None
135	0x0D	1318	C	6	221	rec	13	268	True	True	None
135	0x0D	1940	C	6	235	rec	13	268	True	True	None
135	0x0D	2776	C	13	188	rec	14	261	True	True	None
135	0x0D	2785	C	13	198	rec	14	261	True	True	None
135	0x5C	2167	C	7	189	rec	14	261	True	True	None
135	0x5C	2175	C	7	190	rec	15	302	True	True	None
135	0x5C	2183	C	7	191	rec	14	261	True	True	None
135	0x5C	2191	C	7	192	rec	15	302	True	True	None
135	0x5C	2199	C	7	193	rec	14	261	True	True	None
135	0x5C	2207	C	7	194	rec	15	302	True	True	None
135	0x5C	2215	C	7	195	rec	14	261	True	True	None
135	0x5C	2223	C	7	196	rec	15	302	True	True	None
135	0x5C	2262	C	7	197	rec	14	261	True	True	None
135	0x5C	2423	C	8	218	rec	16	261	True	True	None
135	0x0D	2552	C	11	255	rec	28	274	True	True	None
136	0x0D	863	B	14	247	unowned:B	None	None	None	None	None
136	0x0D	978	B	17	139	unowned:B	None	None	None	None	None
136	0x0D	987	B	17	249	unowned:B	None	None	None	None	None
136	0x0D	998	B	17	250	unowned:B	None	None	None	None	None
136	0x0D	1134	B	19	139	unowned:B	None	None	None	None	None
136	0x0D	1143	B	19	249	unowned:B	None	None	None	None	None
136	0x0D	1154	B	19	250	unowned:B	None	None	None	None	None
136	0x0D	1761	C	7	145	rec	7	268	True	True	None
136	0x0D	1767	C	7	211	rec	7	268	True	True	None
136	0x0D	1802	C	7	228	rec	7	268	True	True	None
136	0x0D	1824	C	7	248	rec	7	268	True	True	None
136	0x5C	1842	C	7	229	player	None	0	False	None	None
136	0x0D	1864	C	7	230	rec	7	268	True	True	None
136	0x0D	2476	C	13	138	rec	14	30	False	None	None
136	0x0D	2509	C	13	2	rec	14	30	False	None	None
137	0x0D	2370	C	14	136	rec	13	303	False	False	None
138	0x5C	266	B	2	138	rec	3	302	True	True	None
138	0x5C	273	B	2	139	rec	12	277	True	False	None
138	0x5C	280	B	2	140	rec	11	281	True	False	None
138	0x5C	293	B	2	141	rec	3	302	True	True	None
138	0x5C	300	B	2	142	rec	12	277	True	False	None
138	0x5C	316	B	2	143	rec	3	302	True	True	None
138	0x5C	331	B	2	144	rec	4	256	True	True	None
138	0x5C	363	B	2	145	rec	15	287	True	False	None
138	0x5C	383	B	2	146	rec	4	256	True	True	None
138	0x5C	392	B	2	147	rec	8	275	True	False	None
138	0x5C	408	B	2	148	rec	4	256	True	True	None
138	0x5C	417	B	2	149	rec	13	283	True	False	None
138	0x5C	425	B	2	150	rec	14	284	True	False	None
138	0x5C	443	B	2	151	rec	17	268	True	True	None
138	0x5C	453	B	2	152	rec	12	277	True	False	None
138	0x5C	469	B	2	153	rec	15	287	True	False	None
138	0x5C	483	B	2	154	rec	11	281	True	False	None
138	0x5C	497	B	2	155	rec	4	256	True	True	None
138	0x5C	503	B	2	156	rec	3	302	True	True	None
138	0x5C	528	B	2	157	rec	16	288	True	False	None
138	0x5C	571	B	2	158	rec	15	287	True	False	None
138	0x5C	593	B	2	159	rec	17	268	True	True	None
138	0x5C	607	B	2	160	rec	4	256	True	True	None
138	0x0D	758	B	2	177	unowned:B	None	None	None	None	None
138	0x5C	780	B	2	161	rec	3	302	True	True	None
138	0x5C	957	C	2	128	rec	0	268	True	True	None
138	0x5C	965	C	2	129	rec	1	261	True	True	None
138	0x5C	973	C	2	130	rec	0	268	True	True	None
138	0x5C	981	C	2	131	rec	1	261	True	True	None
138	0x5C	989	C	2	132	rec	0	268	True	True	None
138	0x5C	997	C	2	133	rec	1	261	True	True	None
138	0x5C	1021	C	2	134	rec	0	268	True	True	None
138	0x5C	1048	C	2	135	rec	0	268	True	True	None
138	0x5C	1070	C	2	136	rec	1	261	True	True	None
138	0x0D	1128	C	3	176	rec	3	302	True	True	None
138	0x0D	1492	C	6	162	rec	4	256	True	True	None
138	0x0D	1588	C	7	163	rec	5	257	True	False	None
138	0x0D	1664	C	8	164	rec	6	258	True	False	None
138	0x0D	1915	C	10	165	rec	7	259	True	True	None
138	0x0D	2161	C	13	167	rec	8	275	True	False	None
138	0x0D	1233	C	4	168	rec	9	278	True	False	None
138	0x0D	1361	C	5	169	rec	10	279	True	False	None
138	0x0D	1756	C	9	170	rec	11	281	True	False	None
138	0x0D	2204	C	14	171	rec	12	277	True	False	None
138	0x0D	1995	C	11	172	rec	13	283	True	False	None
138	0x0D	2036	C	12	173	rec	14	284	True	False	None
138	0x0D	2450	C	17	174	rec	15	287	True	False	None
138	0x0D	2284	C	15	175	rec	16	288	True	False	None
138	0x0D	2384	C	16	166	rec	17	268	True	True	None
139	0x0D	816	F	1	200	rec	8	254	False	None	None
140	0x0D	534	B	2	229	unowned:B	None	None	None	None	None
140	0x0D	584	B	2	230	unowned:B	None	None	None	None	None
140	0x0D	604	B	2	231	unowned:B	None	None	None	None	None
140	0x0D	660	B	2	232	unowned:B	None	None	None	None	None
140	0x0D	1393	B	4	233	unowned:B	None	None	None	None	None
140	0x0D	1436	B	4	234	unowned:B	None	None	None	None	None
140	0x0D	1468	B	4	235	unowned:B	None	None	None	None	None
140	0x0D	1544	B	4	236	unowned:B	None	None	None	None	None
140	0x5C	1600	C	1	109	rec	1	254	False	None	None
140	0x5C	1612	C	1	228	rec	1	254	False	None	None
143	0x0D	706	C	5	128	rec	5	416	True	False	None
143	0x0D	710	C	5	129	rec	5	416	True	False	None
143	0x0D	714	C	5	130	rec	5	416	True	False	None
143	0x0D	2066	F	5	228	rec	5	416	True	False	None
143	0x0D	2066	F	5	228	rec	6	416	True	False	None
143	0x0D	2066	F	5	228	rec	7	416	True	False	None
143	0x0D	2066	F	5	228	rec	8	416	True	False	None
143	0x0D	2072	F	5	131	rec	5	416	True	False	None
143	0x0D	2072	F	5	131	rec	6	416	True	False	None
143	0x0D	2072	F	5	131	rec	7	416	True	False	None
143	0x0D	2072	F	5	131	rec	8	416	True	False	None
143	0x0D	720	C	6	132	rec	6	416	True	False	None
143	0x0D	725	C	7	133	rec	7	416	True	False	None
143	0x0D	730	C	8	134	rec	8	416	True	False	None
143	0x5C	936	C	10	138	player	None	0	False	None	None
143	0x5C	947	C	10	137	player	None	0	False	None	None
143	0x5C	957	C	10	139	player	None	0	False	None	None
143	0x5C	986	C	10	140	player	None	0	False	None	None
143	0x5C	1160	C	10	146	player	None	0	False	None	None
143	0x5C	1131	C	10	145	player	None	0	False	None	None
143	0x5C	1015	C	10	141	player	None	0	False	None	None
143	0x5C	1044	C	10	142	player	None	0	False	None	None
143	0x5C	1102	C	10	144	player	None	0	False	None	None
143	0x5C	1073	C	10	143	player	None	0	False	None	None
143	0x5C	1220	C	11	148	player	None	0	False	None	None
143	0x5C	1231	C	11	137	player	None	0	False	None	None
143	0x5C	1241	C	11	149	player	None	0	False	None	None
143	0x5C	1270	C	11	150	player	None	0	False	None	None
143	0x5C	1444	C	11	156	player	None	0	False	None	None
143	0x5C	1299	C	11	151	player	None	0	False	None	None
143	0x5C	1415	C	11	155	player	None	0	False	None	None
143	0x5C	1328	C	11	152	player	None	0	False	None	None
143	0x5C	1386	C	11	154	player	None	0	False	None	None
143	0x5C	1357	C	11	153	player	None	0	False	None	None
143	0x5C	1504	C	12	158	player	None	0	False	None	None
143	0x5C	1515	C	12	137	player	None	0	False	None	None
143	0x5C	1525	C	12	159	player	None	0	False	None	None
143	0x5C	1554	C	12	160	player	None	0	False	None	None
143	0x5C	1728	C	12	166	player	None	0	False	None	None
143	0x5C	1583	C	12	161	player	None	0	False	None	None
143	0x5C	1699	C	12	165	player	None	0	False	None	None
143	0x5C	1612	C	12	162	player	None	0	False	None	None
143	0x5C	1670	C	12	164	player	None	0	False	None	None
143	0x5C	1641	C	12	163	player	None	0	False	None	None
143	0x5C	1788	C	13	168	player	None	0	False	None	None
143	0x5C	1799	C	13	137	player	None	0	False	None	None
143	0x5C	1809	C	13	169	player	None	0	False	None	None
143	0x5C	1838	C	13	170	player	None	0	False	None	None
143	0x5C	2012	C	13	176	player	None	0	False	None	None
143	0x5C	1867	C	13	171	player	None	0	False	None	None
143	0x5C	1983	C	13	175	player	None	0	False	None	None
143	0x5C	1896	C	13	172	player	None	0	False	None	None
143	0x5C	1954	C	13	174	player	None	0	False	None	None
143	0x5C	1925	C	13	173	player	None	0	False	None	None
144	0x0D	747	B	2	157	unowned:B	None	None	None	None	None
144	0x0D	758	B	2	158	unowned:B	None	None	None	None	None
144	0x0D	938	B	5	105	unowned:B	None	None	None	None	None
144	0x0D	975	C	1	128	rec	1	285	True	True	None
144	0x0D	979	C	1	129	rec	1	285	True	True	None
144	0x0D	1008	C	2	175	rec	2	285	True	True	None
144	0x0D	1036	C	3	176	rec	3	285	True	True	None
144	0x0D	1672	C	21	177	rec	4	285	True	True	None
144	0x0D	1700	C	22	178	rec	5	285	True	True	None
144	0x0D	1064	C	4	179	rec	6	285	True	True	None
144	0x0D	1092	C	5	180	rec	7	285	True	True	None
144	0x0D	1120	C	6	181	rec	8	285	True	True	None
144	0x0D	1148	C	7	182	rec	9	285	True	True	None
144	0x0D	1176	C	8	183	rec	10	285	True	True	None
144	0x0D	1204	C	9	184	rec	11	285	True	True	None
144	0x0D	1232	C	10	185	rec	12	285	True	True	None
144	0x0D	1260	C	11	186	rec	13	285	True	True	None
144	0x0D	1288	C	12	187	rec	14	285	True	True	None
144	0x0D	1316	C	13	188	rec	15	285	True	True	None
144	0x0D	1728	C	23	189	rec	16	285	True	True	None
144	0x0D	1355	C	14	144	rec	17	285	True	True	None
144	0x0D	1369	C	14	146	rec	17	285	True	True	None
144	0x0D	1380	C	14	147	rec	17	285	True	True	None
144	0x5C	1392	C	14	172	player	None	0	False	None	None
144	0x0D	1409	C	14	130	rec	17	285	True	True	None
144	0x0D	1376	C	14	145	rec	17	285	True	True	None
144	0x0D	1418	C	14	149	rec	17	285	True	True	None
144	0x0D	1449	C	15	192	rec	41	285	True	True	None
144	0x0D	1461	C	15	192	rec	41	285	True	True	None
144	0x0D	1492	C	16	193	rec	44	285	True	True	None
144	0x0D	1525	C	17	194	rec	45	285	True	True	None
144	0x0D	1537	C	17	193	rec	45	285	True	True	None
144	0x0D	1568	C	18	191	rec	46	285	True	True	None
144	0x0D	1601	C	19	196	rec	47	285	True	True	None
144	0x0D	1613	C	19	199	rec	47	285	True	True	None
144	0x0D	1644	C	20	197	rec	48	285	True	True	None
144	0x0D	1749	C	24	155	rec	49	286	True	True	None
145	0x0D	362	C	1	132	rec	0	281	True	False	None
145	0x0D	408	C	2	143	rec	1	260	True	True	None
145	0x0D	516	C	2	138	rec	1	260	True	True	None
145	0x0D	463	C	2	133	rec	1	260	True	True	None
145	0x0D	644	C	3	140	rec	2	280	True	False	None
145	0x0D	665	C	3	135	rec	2	280	True	False	None
145	0x0D	742	C	4	142	rec	3	288	True	False	None
145	0x0D	809	C	4	137	rec	3	288	True	False	None
145	0x0D	896	C	5	136	rec	4	287	True	False	None
145	0x0D	940	C	5	141	rec	4	287	True	False	None
145	0x0D	1026	C	6	139	rec	5	263	True	False	None
145	0x0D	1050	C	6	134	rec	5	263	True	False	None
147	0x5C	198	B	1	172	rec	4	278	True	False	None
147	0x5C	265	B	1	173	rec	4	278	True	False	None
147	0x0D	521	B	3	12	unowned:B	None	None	None	None	None
147	0x0D	647	B	4	13	unowned:B	None	None	None	None	None
147	0x5C	684	C	1	155	rec	0	399	True	False	None
147	0x5C	695	C	1	154	rec	0	399	True	False	None
147	0x5C	760	C	2	156	player	None	0	False	None	None
147	0x5C	770	C	2	158	player	None	0	False	None	None
147	0x5C	778	C	2	159	rec	1	399	True	False	None
147	0x5C	795	C	2	161	rec	1	399	True	False	None
147	0x5C	800	C	2	160	rec	1	399	True	False	None
147	0x5C	811	C	2	162	rec	1	399	True	False	None
147	0x0D	1082	C	4	167	rec	3	305	False	False	None
147	0x0D	1139	C	5	168	rec	4	278	True	False	None
147	0x0D	1160	C	5	169	rec	4	278	True	False	None
147	0x0D	1187	C	5	170	rec	4	278	True	False	None
147	0x0D	1199	C	5	171	rec	4	278	True	False	None
148	0x0D	304	B	1	128	unowned:B	None	None	None	None	None
148	0x0D	811	B	5	129	unowned:B	None	None	None	None	None
148	0x0D	852	B	6	102	unowned:B	None	None	None	None	None
148	0x0D	998	C	10	129	rec	9	324	False	False	None
148	0x5C	1224	C	27	135	rec	26	399	True	False	None
148	0x5C	1232	C	27	130	rec	26	399	True	False	None
148	0x5C	1261	C	27	131	rec	26	399	True	False	None
148	0x5C	1268	C	27	132	player	None	0	False	None	None
148	0x5C	1309	C	27	133	player	None	0	False	None	None
148	0x5C	1315	C	27	134	rec	26	399	True	False	None
152	0x0D	498	B	2	140	unowned:B	None	None	None	None	None
152	0x0D	621	B	2	141	unowned:B	None	None	None	None	None
152	0x0D	507	B	2	142	unowned:B	None	None	None	None	None
152	0x0D	523	B	2	143	unowned:B	None	None	None	None	None
152	0x0D	535	B	2	144	unowned:B	None	None	None	None	None
152	0x0D	547	B	2	145	unowned:B	None	None	None	None	None
152	0x0D	563	B	2	146	unowned:B	None	None	None	None	None
152	0x0D	612	B	2	147	unowned:B	None	None	None	None	None
152	0x0D	966	C	22	140	rec	21	324	False	False	None
152	0x0D	1054	C	22	141	rec	21	324	False	False	None
152	0x0D	974	C	22	142	rec	21	324	False	False	None
152	0x0D	991	C	22	143	rec	21	324	False	False	None
152	0x0D	1002	C	22	144	rec	21	324	False	False	None
152	0x0D	1013	C	22	145	rec	21	324	False	False	None
152	0x0D	1030	C	22	146	rec	21	324	False	False	None
152	0x0D	1046	C	22	147	rec	21	324	False	False	None
153	0x5C	109	B	1	164	rec	0	506	True	False	None
153	0x5C	467	B	1	177	player	None	0	False	None	None
154	0x5C	386	B	1	174	rec	0	356	False	False	None
154	0x5C	582	B	2	149	rec	6	399	True	False	None
154	0x0D	660	B	4	150	unowned:B	None	None	None	None	None
154	0x5C	728	B	4	151	rec	6	399	True	False	None
154	0x5C	776	B	4	152	rec	6	399	True	False	None
154	0x5C	843	B	5	153	rec	21	399	True	False	None
154	0x5C	874	B	5	175	rec	21	399	True	False	None
154	0x0D	971	B	6	176	unowned:B	None	None	None	None	None
154	0x0D	1795	F	11	148	rec	10	25	False	None	None
154	0x0D	1605	C	15	1	rec	14	30	False	None	None
154	0x0D	1615	C	15	2	rec	14	30	False	None	None
158	0x0D	553	B	5	99	unowned:B	None	None	None	None	None
158	0x0D	702	C	11	1	rec	11	326	False	False	None
160	0x0D	1593	C	25	226	rec	25	301	False	False	None
161	0xC4	118	B	1	223	self-unowned	None	None	None	None	372
161	0xC4	164	B	1	224	self-unowned	None	None	None	None	372
161	0xC4	183	B	1	225	self-unowned	None	None	None	None	372
162	0x0D	172	B	2	9	unowned:B	None	None	None	None	None
162	0x0D	564	B	6	1	unowned:B	None	None	None	None	None
162	0x0D	592	B	7	133	unowned:B	None	None	None	None	None
162	0x0D	808	C	4	131	rec	0	273	True	True	None
162	0x0D	832	C	5	132	rec	1	283	True	False	None
162	0x0D	856	C	6	134	rec	2	262	True	True	None
162	0x0D	752	C	2	129	rec	3	263	True	False	None
162	0x0D	784	C	3	130	rec	4	258	True	False	None
162	0x0D	880	C	7	135	rec	13	269	True	True	None
163	0x0D	117	B	1	128	unowned:B	None	None	None	None	None
163	0x0D	123	B	1	133	unowned:B	None	None	None	None	None
163	0x0D	129	B	1	134	unowned:B	None	None	None	None	None
163	0x0D	163	B	1	136	unowned:B	None	None	None	None	None
163	0x0D	169	B	1	137	unowned:B	None	None	None	None	None
163	0x5C	238	B	2	135	rec	1	284	True	False	None
163	0x5C	256	B	2	144	rec	1	284	True	False	None
163	0x5C	283	B	2	140	rec	1	284	True	False	None
163	0x5C	288	B	2	144	rec	1	284	True	False	None
163	0x5C	302	B	2	139	rec	1	284	True	False	None
163	0x5C	307	B	2	144	rec	1	284	True	False	None
163	0x5C	319	B	2	143	rec	1	284	True	False	None
163	0x5C	354	B	3	136	rec	1	284	True	False	None
163	0x5C	372	B	3	144	rec	1	284	True	False	None
163	0x5C	399	B	3	140	rec	1	284	True	False	None
163	0x5C	404	B	3	144	rec	1	284	True	False	None
163	0x5C	418	B	3	139	rec	1	284	True	False	None
163	0x5C	423	B	3	144	rec	1	284	True	False	None
163	0x5C	435	B	3	143	rec	1	284	True	False	None
163	0x5C	470	B	4	137	rec	1	284	True	False	None
163	0x5C	488	B	4	144	rec	1	284	True	False	None
163	0x5C	515	B	4	140	rec	1	284	True	False	None
163	0x5C	520	B	4	144	rec	1	284	True	False	None
163	0x5C	534	B	4	139	rec	1	284	True	False	None
163	0x5C	539	B	4	144	rec	1	284	True	False	None
163	0x5C	551	B	4	143	rec	1	284	True	False	None
163	0x0D	753	F	2	133	rec	1	284	True	False	None
163	0x0D	601	C	3	130	rec	2	260	True	True	None
163	0x0D	641	C	3	131	rec	2	260	True	True	None
163	0x0D	666	C	3	132	rec	2	260	True	True	None
163	0x0D	694	C	3	129	rec	2	260	True	True	None
163	0x0D	708	C	3	138	rec	2	260	True	True	None
163	0x0D	776	F	7	9	rec	9	227	False	None	None
164	0x0D	231	C	1	137	rec	0	268	True	True	None
164	0x0D	325	C	2	131	rec	1	268	True	True	None
164	0x0D	417	C	2	132	rec	1	268	True	True	None
164	0x0D	276	C	2	130	rec	1	268	True	True	None
164	0x0D	296	C	2	133	rec	1	268	True	True	None
164	0x0D	305	C	2	138	rec	1	268	True	True	None
164	0x0D	474	C	4	128	rec	6	256	True	True	None
164	0x0D	502	C	5	129	rec	7	257	True	False	None
164	0x0D	555	C	7	135	rec	9	259	True	True	None
164	0x0D	567	C	7	136	rec	9	259	True	True	None
165	0x5C	264	B	2	158	rec	2	278	True	False	None
165	0x5C	290	B	2	144	rec	3	279	True	False	None
165	0x5C	296	B	2	134	rec	1	280	True	False	None
165	0x5C	323	B	2	137	rec	3	279	True	False	None
165	0x5C	337	B	2	128	rec	3	279	True	False	None
165	0x0D	785	C	2	159	rec	0	282	True	False	None
165	0x0D	764	C	2	145	rec	0	282	True	False	None
165	0x0D	1049	C	5	134	rec	1	280	True	False	None
165	0x0D	858	C	3	131	rec	2	278	True	False	None
165	0x0D	911	C	4	160	rec	3	279	True	False	None
165	0x0D	968	C	4	158	rec	3	279	True	False	None
165	0x0D	935	C	4	155	rec	3	279	True	False	None
165	0x0D	1090	C	6	159	rec	6	282	True	False	None
165	0x0D	1127	C	7	134	rec	7	280	True	False	None
165	0x0D	1159	C	8	131	rec	8	278	True	False	None
165	0x0D	1196	C	9	160	rec	9	279	True	False	None
165	0x0D	2300	C	23	154	rec	26	275	True	False	None
165	0x0D	2252	C	22	148	rec	27	274	True	True	None
166	0x0D	69	C	1	129	rec	0	288	True	False	None
166	0x0D	121	C	2	128	rec	1	287	True	False	None
166	0x0D	165	C	3	130	rec	2	272	True	False	None
166	0x0D	196	C	4	131	rec	3	271	True	True	None
167	0x0D	56	C	1	128	rec	0	269	True	True	None
167	0x0D	220	C	4	129	rec	1	270	True	False	None
167	0x0D	90	C	2	131	rec	2	277	True	False	None
167	0x0D	120	C	3	130	rec	3	276	True	False	None
168	0x0D	72	C	3	130	rec	2	273	True	True	None
169	0x0D	508	C	3	132	rec	0	263	True	False	None
169	0x0D	525	F	2	130	rec	1	283	True	False	None
169	0x0D	533	F	3	131	rec	2	258	True	False	None
170	0x0D	164	F	5	9	rec	0	227	False	None	None
170	0x0D	92	C	3	128	rec	3	260	True	True	None
171	0x0D	81	F	1	129	rec	0	256	True	True	None
171	0x0D	89	F	2	130	rec	1	257	True	False	None
171	0x0D	71	C	3	132	rec	2	268	True	True	None
171	0x0D	106	F	4	133	rec	3	259	True	True	None
171	0x0D	114	F	4	134	rec	3	259	True	True	None
172	0x0D	534	C	6	130	rec	6	282	True	False	None
172	0x0D	571	C	7	131	rec	7	280	True	False	None
172	0x0D	603	C	8	133	rec	8	278	True	False	None
172	0x0D	640	C	9	132	rec	9	279	True	False	None
172	0x0D	1744	C	23	135	rec	26	275	True	False	None
172	0x0D	1696	C	22	134	rec	27	274	True	True	None
173	0x0D	117	F	1	129	rec	0	287	True	False	None
173	0x0D	125	F	2	130	rec	1	288	True	False	None
173	0x0D	133	F	3	131	rec	2	271	True	True	None
173	0x0D	89	C	3	132	rec	3	272	True	False	None
174	0x0D	305	F	1	129	rec	0	276	True	False	None
174	0x0D	293	C	5	130	rec	1	277	True	False	None
174	0x0D	164	C	3	136	rec	2	269	True	True	None
174	0x0D	208	C	3	132	rec	2	269	True	True	None
174	0x0D	130	C	3	134	rec	2	269	True	True	None
174	0x0D	251	C	4	135	rec	3	270	True	False	None
174	0x0D	266	C	4	133	rec	3	270	True	False	None
175	0x0D	81	F	1	129	rec	0	262	True	True	None
175	0x0D	68	C	3	130	rec	1	273	True	True	None
176	0x0D	399	B	4	1	unowned:B	None	None	None	None	None
176	0x0D	447	B	5	1	unowned:B	None	None	None	None	None
176	0x5C	509	B	6	140	rec	4	274	True	True	None
176	0x0D	649	B	8	1	unowned:B	None	None	None	None	None
176	0x0D	945	F	3	130	rec	2	283	True	False	None
176	0x0D	953	F	4	131	rec	3	258	True	False	None
176	0x0D	795	C	1	136	rec	5	268	True	True	None
176	0x0D	830	C	2	134	rec	6	274	True	True	None
176	0x0D	846	C	2	135	rec	6	274	True	True	None
176	0x0D	856	C	2	137	rec	6	274	True	True	None
176	0x0D	892	C	3	138	rec	13	269	True	True	None
176	0x0D	913	C	4	139	rec	14	273	True	True	None
177	0x0D	17	F	1	128	rec	0	260	True	True	None
177	0x0D	24	F	2	9	rec	2	227	False	None	None
178	0x0D	750	C	8	128	rec	0	256	True	True	None
178	0x0D	762	C	8	150	rec	0	256	True	True	None
178	0x0D	790	C	9	129	rec	1	257	True	False	None
178	0x0D	802	C	9	149	rec	1	257	True	False	None
178	0x0D	833	F	4	141	rec	3	259	True	True	None
178	0x0D	512	C	6	147	rec	15	268	True	True	None
178	0x0D	539	C	6	142	rec	15	268	True	True	None
178	0x0D	567	C	6	148	rec	15	268	True	True	None
178	0x0D	650	C	6	143	rec	15	268	True	True	None
178	0x5C	657	C	6	139	player	None	0	False	None	None
178	0x0D	685	C	6	145	rec	15	268	True	True	None
179	0x5C	134	B	1	130	rec	6	282	True	False	None
179	0x5C	139	B	1	134	rec	8	278	True	False	None
179	0x5C	144	B	1	135	rec	9	279	True	False	None
179	0x5C	149	B	1	129	rec	1	281	True	False	None
179	0x5C	159	B	1	136	rec	0	268	True	True	None
179	0x5C	178	B	1	138	player	None	0	False	None	None
179	0x5C	233	B	1	139	rec	0	268	True	True	None
179	0x5C	238	B	1	140	rec	0	268	True	True	None
179	0x5C	260	B	1	141	rec	0	268	True	True	None
179	0x5C	275	B	1	142	rec	0	268	True	True	None
179	0x5C	299	B	1	143	rec	0	268	True	True	None
179	0x5C	369	B	2	157	rec	7	280	True	False	None
179	0x5C	374	B	2	158	rec	0	268	True	True	None
179	0x5C	379	B	2	159	rec	7	280	True	False	None
179	0x5C	384	B	2	145	rec	6	282	True	False	None
179	0x5C	418	B	2	146	rec	8	278	True	False	None
179	0x5C	425	B	2	147	rec	6	282	True	False	None
179	0x5C	432	B	2	148	rec	1	281	True	False	None
179	0x5C	437	B	2	149	rec	6	282	True	False	None
179	0x5C	442	B	2	160	rec	8	278	True	False	None
179	0x5C	494	B	3	151	rec	0	268	True	True	None
179	0x0D	2395	C	27	154	rec	1	281	True	False	None
179	0x0D	2412	C	28	131	rec	3	274	True	True	None
179	0x0D	1038	C	6	161	rec	6	282	True	False	None
179	0x0D	1074	C	7	150	rec	7	280	True	False	None
179	0x0D	1107	C	8	152	rec	8	278	True	False	None
179	0x0D	1146	C	9	155	rec	9	279	True	False	None
179	0x0D	1156	C	9	156	rec	9	279	True	False	None
179	0x0D	1172	C	9	153	rec	9	279	True	False	None
179	0x0D	2276	C	23	132	rec	26	275	True	False	None
180	0x0D	181	C	4	128	rec	0	287	True	False	None
180	0x0D	193	C	4	133	rec	0	287	True	False	None
180	0x0D	125	C	3	129	rec	1	288	True	False	None
180	0x0D	61	C	1	131	rec	2	272	True	False	None
180	0x0D	245	C	5	130	rec	3	271	True	True	None
181	0x0D	285	F	1	129	rec	0	276	True	False	None
181	0x0D	293	F	2	130	rec	1	277	True	False	None
181	0x0D	168	C	3	136	rec	2	269	True	True	None
181	0x0D	212	C	3	132	rec	2	269	True	True	None
181	0x0D	134	C	3	134	rec	2	269	True	True	None
181	0x0D	255	C	4	135	rec	3	270	True	False	None
181	0x0D	270	C	4	133	rec	3	270	True	False	None
182	0x0D	109	C	2	128	rec	0	262	True	True	None
182	0x0D	57	C	1	129	rec	1	263	True	False	None
183	0x0D	421	B	4	1	unowned:B	None	None	None	None	None
183	0x0D	465	B	5	1	unowned:B	None	None	None	None	None
183	0x0D	509	B	6	1	unowned:B	None	None	None	None	None
183	0x0D	553	B	7	1	unowned:B	None	None	None	None	None
183	0x0D	597	B	8	1	unowned:B	None	None	None	None	None
183	0x0D	641	B	9	1	unowned:B	None	None	None	None	None
183	0x0D	685	B	10	1	unowned:B	None	None	None	None	None
183	0x0D	729	B	11	1	unowned:B	None	None	None	None	None
183	0x0D	773	B	12	1	unowned:B	None	None	None	None	None
183	0x0D	817	B	13	1	unowned:B	None	None	None	None	None
183	0x0D	861	B	14	1	unowned:B	None	None	None	None	None
183	0x0D	1002	C	4	133	rec	0	268	True	True	None
183	0x0D	1042	C	5	129	rec	1	271	True	True	None
183	0x0D	1063	C	6	131	rec	2	274	True	True	None
183	0x0D	1084	C	7	128	rec	3	275	True	False	None
183	0x0D	922	C	1	130	rec	4	260	True	True	None
183	0x0D	943	C	2	134	rec	5	270	True	False	None
183	0x0D	963	C	3	132	rec	6	269	True	True	None
183	0x0D	1108	C	8	135	rec	13	283	True	False	None
184	0x0D	17	F	1	128	rec	0	260	True	True	None
184	0x0D	24	F	2	9	rec	2	227	False	None	None
185	0x0D	231	C	1	142	rec	0	287	True	False	None
185	0x0D	189	C	1	141	rec	0	287	True	False	None
185	0x0D	304	C	2	146	rec	1	259	True	True	None
185	0x0D	277	C	2	145	rec	1	259	True	True	None
185	0x0D	348	C	3	149	rec	2	261	True	True	None
185	0x0D	435	C	4	130	rec	3	256	True	True	None
185	0x0D	424	C	4	129	rec	3	256	True	True	None
185	0x0D	410	C	4	128	rec	3	256	True	True	None
185	0x0D	657	F	1	136	rec	4	257	True	False	None
185	0x0D	665	F	2	138	rec	5	258	True	False	None
185	0x0D	489	C	5	160	rec	6	268	True	True	None
185	0x0D	499	C	5	153	rec	6	268	True	True	None
185	0x0D	515	C	5	154	rec	6	268	True	True	None
185	0x0D	531	C	5	155	rec	6	268	True	True	None
185	0x0D	555	C	5	156	rec	6	268	True	True	None
185	0x0D	588	C	5	157	rec	6	268	True	True	None
185	0x0D	595	C	5	158	rec	6	268	True	True	None
185	0x0D	639	C	6	131	rec	9	264	True	True	None
186	0x0D	655	C	4	128	rec	0	280	True	False	None
186	0x0D	599	C	2	130	rec	1	278	True	False	None
186	0x0D	627	C	3	132	rec	2	279	True	False	None
186	0x0D	571	C	1	134	rec	3	258	True	False	None
186	0x0D	683	C	5	136	rec	4	283	True	False	None
186	0x0D	711	C	6	138	rec	5	274	True	True	None
186	0x0D	739	C	7	140	rec	6	287	True	False	None
186	0x0D	766	C	8	129	rec	7	269	True	True	None
186	0x0D	797	C	9	141	rec	8	263	True	False	None
186	0x0D	806	C	9	142	rec	8	263	True	False	None
187	0x0D	43	C	1	128	rec	0	260	True	True	None
187	0x0D	71	C	2	130	rec	1	284	True	False	None
187	0x0D	88	F	3	9	rec	3	227	False	None	None
188	0x0D	52	C	1	128	rec	0	256	True	True	None
188	0x0D	61	C	1	128	rec	0	256	True	True	None
188	0x0D	95	C	2	131	rec	1	257	True	False	None
188	0x0D	155	C	4	133	rec	2	268	True	True	None
188	0x0D	127	C	3	135	rec	3	259	True	True	None
189	0x0D	71	C	2	128	rec	0	281	True	False	None
189	0x0D	99	C	3	130	rec	1	282	True	False	None
189	0x0D	43	C	1	132	rec	2	275	True	False	None
190	0x0D	115	C	3	128	rec	0	288	True	False	None
190	0x0D	43	C	1	130	rec	1	271	True	True	None
190	0x0D	81	C	2	132	rec	2	272	True	False	None
191	0x0D	47	C	1	128	rec	1	270	True	False	None
191	0x0D	104	C	3	131	rec	2	277	True	False	None
191	0x0D	75	C	2	133	rec	3	276	True	False	None
192	0x0D	181	C	2	132	rec	0	262	True	True	None
192	0x0D	83	C	2	129	rec	0	262	True	True	None
192	0x0D	100	C	2	131	rec	0	262	True	True	None
192	0x0D	109	C	2	130	rec	0	262	True	True	None
192	0x0D	196	C	2	132	rec	0	262	True	True	None
192	0x0D	43	C	1	135	rec	2	273	True	True	None
193	0x0D	67	B	1	1	unowned:B	None	None	None	None	None
193	0x0D	115	B	2	1	unowned:B	None	None	None	None	None
193	0x0D	163	B	3	1	unowned:B	None	None	None	None	None
193	0x0D	211	B	4	1	unowned:B	None	None	None	None	None
193	0x0D	259	B	5	1	unowned:B	None	None	None	None	None
193	0x0D	307	B	6	1	unowned:B	None	None	None	None	None
193	0x0D	355	B	7	1	unowned:B	None	None	None	None	None
194	0x0D	40	C	1	128	rec	0	260	True	True	None
194	0x0D	64	C	2	130	rec	1	284	True	False	None
194	0x0D	88	C	3	129	rec	2	283	True	False	None
194	0x0D	112	F	4	9	rec	4	227	False	None	None
195	0x0D	40	C	1	128	rec	0	256	True	True	None
195	0x0D	64	C	2	129	rec	1	257	True	False	None
195	0x0D	88	C	3	130	rec	2	258	True	False	None
195	0x0D	113	C	4	131	rec	3	259	True	True	None
195	0x0D	117	C	4	132	rec	3	259	True	True	None
196	0x0D	411	C	1	136	rec	0	272	True	False	None
196	0x0D	426	C	1	137	rec	0	272	True	False	None
196	0x0D	498	C	2	144	rec	1	271	True	True	None
196	0x0D	530	C	2	143	rec	1	271	True	True	None
196	0x0D	541	C	2	142	rec	1	271	True	True	None
196	0x0D	552	C	2	141	rec	1	271	True	True	None
196	0x0D	563	C	2	140	rec	1	271	True	True	None
196	0x0D	602	C	2	138	rec	1	271	True	True	None
196	0x0D	622	C	2	139	rec	1	271	True	True	None
196	0x5C	626	C	2	151	player	None	0	False	None	None
196	0x0D	701	C	3	135	rec	2	280	True	False	None
196	0x0D	752	C	3	133	rec	2	280	True	False	None
196	0x0D	767	C	3	134	rec	2	280	True	False	None
196	0x0D	830	C	4	132	rec	3	273	True	True	None
196	0x0D	859	C	4	130	rec	3	273	True	True	None
196	0x0D	874	C	4	131	rec	3	273	True	True	None
196	0x0D	970	C	5	149	rec	4	261	True	True	None
196	0x0D	999	C	5	128	rec	4	261	True	True	None
196	0x0D	1016	C	5	129	rec	4	261	True	True	None
196	0x0D	1062	C	6	145	rec	5	287	True	False	None
196	0x0D	1066	C	6	146	rec	5	287	True	False	None
196	0x0D	1097	C	6	146	rec	5	287	True	False	None
196	0x0D	1187	C	7	146	rec	6	287	True	False	None
196	0x0D	1150	C	7	148	rec	6	287	True	False	None
196	0x0D	1232	C	8	150	rec	7	268	True	True	None
197	0x0D	577	C	4	144	rec	0	269	True	True	None
197	0x0D	589	C	4	145	rec	0	269	True	True	None
197	0x0D	615	C	4	147	rec	0	269	True	True	None
197	0x0D	598	C	4	146	rec	0	269	True	True	None
197	0x0D	382	C	2	136	rec	1	270	True	False	None
197	0x0D	394	C	2	137	rec	1	270	True	False	None
197	0x0D	432	C	2	138	rec	1	270	True	False	None
197	0x0D	481	C	3	139	rec	2	275	True	False	None
197	0x0D	493	C	3	140	rec	2	275	True	False	None
197	0x0D	269	C	1	128	rec	3	268	True	True	None
197	0x0D	281	C	1	133	rec	3	268	True	True	None
197	0x0D	299	C	1	132	rec	3	268	True	True	None
197	0x0D	333	C	1	134	rec	3	268	True	True	None
197	0x0D	311	C	1	130	rec	3	268	True	True	None
197	0x0D	663	C	5	148	rec	4	288	True	False	None
197	0x0D	717	C	5	141	rec	4	288	True	False	None
197	0x0D	762	C	6	142	rec	6	281	True	False	None
197	0x0D	774	C	6	143	rec	6	281	True	False	None
197	0x0D	783	C	6	143	rec	6	281	True	False	None
197	0x0D	794	C	6	149	rec	6	281	True	False	None
198	0x0D	71	B	1	1	unowned:B	None	None	None	None	None
198	0x0D	98	B	2	237	unowned:B	None	None	None	None	None
198	0x0D	126	B	2	238	unowned:B	None	None	None	None	None
198	0x0D	159	B	2	239	unowned:B	None	None	None	None	None
198	0x0D	192	B	2	240	unowned:B	None	None	None	None	None
198	0x0D	220	B	2	241	unowned:B	None	None	None	None	None
198	0x0D	253	B	2	242	unowned:B	None	None	None	None	None
198	0x0D	286	B	2	243	unowned:B	None	None	None	None	None
198	0x0D	314	B	2	244	unowned:B	None	None	None	None	None
198	0x0D	769	F	1	128	rec	0	275	True	False	None
198	0x0D	777	F	2	129	rec	1	278	True	False	None
198	0x0D	785	F	3	130	rec	2	279	True	False	None
198	0x0D	793	F	4	131	rec	3	283	True	False	None
198	0x0D	801	F	5	132	rec	4	280	True	False	None
198	0x0D	809	F	6	133	rec	5	263	True	False	None
199	0x0D	720	B	1	131	unowned:B	None	None	None	None	None
199	0x5C	864	B	3	132	player	None	0	False	None	None
199	0x5C	990	C	1	128	rec	0	260	True	True	None
199	0x0D	1229	F	1	130	rec	0	260	True	True	None
199	0x0D	1237	F	2	131	rec	1	284	True	False	None
199	0x0D	1244	F	3	9	rec	4	227	False	None	None
200	0x0D	76	C	2	130	rec	0	258	True	False	None
200	0x0D	116	C	4	128	rec	1	256	True	True	None
200	0x0D	96	C	3	129	rec	2	257	True	False	None
200	0x0D	137	F	4	132	rec	3	268	True	True	None
200	0x0D	145	F	5	133	rec	4	259	True	True	None
201	0x0D	41	F	1	128	rec	0	281	True	False	None
201	0x0D	49	F	2	129	rec	1	282	True	False	None
201	0x0D	31	C	3	130	rec	2	274	True	True	None
202	0x0D	222	C	2	129	rec	0	287	True	False	None
202	0x0D	194	C	1	130	rec	1	288	True	False	None
202	0x0D	260	F	3	132	rec	2	272	True	False	None
202	0x0D	260	F	3	132	rec	4	246	False	None	None
202	0x0D	242	C	4	131	rec	3	271	True	True	None
203	0x0D	17	F	1	130	rec	0	270	True	False	None
204	0x0D	17	F	1	128	rec	0	262	True	True	None
204	0x0D	25	F	2	129	rec	1	273	True	True	None
205	0x5C	548	B	4	132	rec	5	274	True	True	None
205	0x5C	495	B	4	132	rec	5	274	True	True	None
205	0x5C	426	B	4	132	rec	5	274	True	True	None
205	0x0D	701	F	1	133	rec	0	258	True	False	None
205	0x0D	709	F	2	128	rec	1	278	True	False	None
205	0x0D	717	F	3	129	rec	2	279	True	False	None
205	0x0D	725	F	4	130	rec	3	283	True	False	None
205	0x0D	733	F	5	131	rec	4	280	True	False	None
205	0x0D	741	F	6	132	rec	5	274	True	True	None
205	0x0D	749	F	7	134	rec	6	287	True	False	None
206	0x0D	27	C	1	128	rec	0	260	True	True	None
206	0x0D	45	F	2	129	rec	1	284	True	False	None
206	0x0D	52	F	3	9	rec	3	227	False	None	None
207	0x0D	31	C	1	128	rec	0	256	True	True	None
207	0x0D	47	C	2	129	rec	1	257	True	False	None
207	0x0D	73	F	3	130	rec	2	268	True	True	None
207	0x0D	81	F	4	131	rec	3	259	True	True	None
208	0x0D	21	F	1	128	rec	0	281	True	False	None
208	0x0D	29	F	2	129	rec	1	282	True	False	None
208	0x0D	37	F	3	130	rec	2	275	True	False	None
209	0x0D	21	F	1	128	rec	0	288	True	False	None
209	0x0D	29	F	2	130	rec	1	272	True	False	None
209	0x0D	37	F	3	129	rec	2	271	True	True	None
210	0x0D	29	F	1	130	rec	0	270	True	False	None
210	0x0D	36	F	2	132	rec	1	277	True	False	None
210	0x0D	41	F	3	131	rec	2	276	True	False	None
211	0x0D	31	C	1	128	rec	0	262	True	True	None
211	0x0D	47	C	2	129	rec	1	263	True	False	None
211	0x0D	73	F	3	130	rec	2	273	True	True	None
212	0x0D	1110	B	1	1	unowned:B	None	None	None	None	None
212	0x0D	1661	C	1	130	rec	0	287	True	False	None
212	0x0D	1768	C	2	129	rec	1	283	True	False	None
212	0x0D	1854	C	3	128	rec	2	273	True	True	None
213	0x0D	161	C	1	128	rec	0	260	True	True	None
213	0x0D	177	F	2	129	rec	1	284	True	False	None
213	0x0D	184	F	3	9	rec	3	227	False	None	None
214	0x0D	161	C	1	128	rec	0	257	True	False	None
214	0x0D	181	C	2	129	rec	1	258	True	False	None
214	0x0D	208	F	3	130	rec	2	268	True	True	None
215	0x0D	169	C	1	128	rec	0	278	True	False	None
215	0x0D	189	C	2	129	rec	1	279	True	False	None
215	0x0D	209	C	3	131	rec	2	282	True	False	None
215	0x0D	229	C	4	130	rec	3	281	True	False	None
215	0x0D	269	F	5	132	rec	4	275	True	False	None
216	0x0D	21	F	1	128	rec	0	288	True	False	None
216	0x0D	29	F	2	130	rec	1	271	True	True	None
216	0x0D	37	F	3	131	rec	2	272	True	False	None
217	0x0D	296	C	1	133	rec	0	270	True	False	None
217	0x0D	315	C	2	134	rec	1	302	True	True	None
217	0x0D	375	C	2	135	rec	1	302	True	True	None
217	0x0D	433	C	3	131	rec	2	259	True	True	None
217	0x0D	453	C	4	132	rec	3	280	True	False	None
217	0x0D	478	C	5	128	rec	4	256	True	True	None
217	0x0D	494	C	5	129	rec	4	256	True	True	None
217	0x0D	507	C	5	130	rec	4	256	True	True	None
217	0x0D	551	C	6	136	rec	5	268	True	True	None
217	0x0D	569	C	6	137	rec	5	268	True	True	None
217	0x0D	580	C	6	138	rec	5	268	True	True	None
218	0x0D	17	F	1	128	rec	0	262	True	True	None
218	0x0D	25	F	2	129	rec	1	263	True	False	None
219	0x0D	449	F	1	128	rec	0	258	True	False	None
219	0x0D	457	F	2	129	rec	1	278	True	False	None
219	0x0D	465	F	3	130	rec	2	279	True	False	None
219	0x0D	473	F	4	131	rec	3	280	True	False	None
220	0x0D	220	C	1	129	rec	0	260	True	True	None
220	0x0D	185	C	1	128	rec	0	260	True	True	None
220	0x0D	237	F	2	132	rec	1	284	True	False	None
220	0x0D	245	F	3	131	rec	2	283	True	False	None
220	0x0D	268	F	5	9	rec	5	227	False	None	None
221	0x0D	365	F	4	128	rec	0	256	True	True	None
221	0x0D	341	F	1	129	rec	1	257	True	False	None
221	0x0D	114	C	1	130	rec	2	268	True	True	None
221	0x0D	190	C	1	131	rec	2	268	True	True	None
221	0x0D	204	C	1	132	rec	2	268	True	True	None
221	0x0D	320	C	1	135	rec	2	268	True	True	None
221	0x0D	284	C	1	133	rec	2	268	True	True	None
221	0x0D	101	C	1	255	rec	2	268	True	True	None
221	0x0D	357	F	3	136	rec	3	259	True	True	None
222	0x0D	21	F	1	128	rec	0	281	True	False	None
222	0x0D	29	F	2	129	rec	1	282	True	False	None
222	0x0D	37	F	3	130	rec	2	274	True	True	None
222	0x0D	45	F	4	131	rec	3	275	True	False	None
223	0x0D	21	F	1	128	rec	0	287	True	False	None
223	0x0D	29	F	2	129	rec	1	288	True	False	None
223	0x0D	37	F	3	131	rec	2	272	True	False	None
223	0x0D	45	F	4	130	rec	3	271	True	True	None
224	0x0D	29	F	1	130	rec	0	270	True	False	None
224	0x0D	36	F	2	132	rec	1	277	True	False	None
224	0x0D	41	F	3	131	rec	2	276	True	False	None
224	0x0D	49	F	4	133	rec	3	302	True	True	None
225	0x0D	17	F	1	128	rec	0	262	True	True	None
225	0x0D	24	F	2	129	rec	1	273	True	True	None
226	0x0D	343	B	4	132	unowned:B	None	None	None	None	None
226	0x0D	648	B	5	1	unowned:B	None	None	None	None	None
226	0x0D	1207	C	3	128	rec	0	280	True	False	None
226	0x0D	1399	C	4	228	rec	1	287	True	False	None
226	0x0D	1339	C	4	129	rec	1	287	True	False	None
226	0x0D	1475	C	5	130	rec	2	283	True	False	None
226	0x0D	1810	C	9	229	rec	9	281	True	False	None
226	0xC4	1132	C	1	131	rec	10	482	False	False	273
227	0x0D	158	B	2	130	unowned:B	None	None	None	None	None
227	0x0D	189	F	1	128	rec	0	260	True	True	None
227	0x0D	197	F	2	129	rec	1	284	True	False	None
227	0x0D	204	F	3	9	rec	3	227	False	None	None
228	0x0D	73	B	1	129	unowned:B	None	None	None	None	None
228	0x0D	106	F	1	128	rec	0	268	True	True	None
228	0x0D	113	F	1	129	rec	0	268	True	True	None
228	0x0D	121	F	2	130	rec	1	259	True	True	None
229	0x0D	125	B	1	141	unowned:B	None	None	None	None	None
229	0x0D	137	B	1	134	unowned:B	None	None	None	None	None
229	0x0D	146	B	1	129	unowned:B	None	None	None	None	None
229	0x0D	155	B	1	135	unowned:B	None	None	None	None	None
229	0x0D	164	B	1	130	unowned:B	None	None	None	None	None
229	0x0D	173	B	1	136	unowned:B	None	None	None	None	None
229	0x0D	186	B	1	142	unowned:B	None	None	None	None	None
229	0x0D	195	B	1	137	unowned:B	None	None	None	None	None
229	0x0D	204	B	1	131	unowned:B	None	None	None	None	None
229	0x0D	213	B	1	138	unowned:B	None	None	None	None	None
229	0x0D	222	B	1	228	unowned:B	None	None	None	None	None
229	0x0D	266	B	1	146	unowned:B	None	None	None	None	None
229	0x0D	249	B	1	144	unowned:B	None	None	None	None	None
229	0x5C	293	B	2	229	rec	3	268	True	True	None
229	0x0D	372	B	3	150	unowned:B	None	None	None	None	None
229	0x0D	430	B	3	147	unowned:B	None	None	None	None	None
229	0x0D	437	B	3	148	unowned:B	None	None	None	None	None
229	0x0D	463	B	3	149	unowned:B	None	None	None	None	None
229	0x5C	541	F	1	140	rec	0	273	True	True	None
229	0x0D	558	F	2	128	rec	1	256	True	True	None
229	0x0D	568	F	2	132	rec	1	256	True	True	None
229	0x0D	578	F	3	133	rec	2	302	True	True	None
229	0x0D	585	F	3	139	rec	2	302	True	True	None
229	0x0D	593	F	4	145	rec	3	268	True	True	None
230	0x0D	487	B	5	1	unowned:B	None	None	None	None	None
230	0x0D	497	F	1	128	rec	0	263	True	False	None
230	0x0D	505	F	2	129	rec	1	258	True	False	None
230	0x0D	513	F	3	130	rec	2	283	True	False	None
230	0x0D	521	F	4	131	rec	3	278	True	False	None
230	0x0D	529	F	5	132	rec	4	279	True	False	None
230	0x0D	537	F	6	133	rec	5	280	True	False	None
231	0x0D	169	B	1	128	unowned:B	None	None	None	None	None
231	0x5C	178	B	1	129	player	None	0	False	None	None
231	0x5C	275	B	2	131	self-unowned	None	None	None	None	None
231	0x5C	419	B	3	128	rec	0	260	True	True	None
231	0x5C	439	B	4	129	player	None	0	False	None	None
231	0x0D	581	C	1	128	rec	0	260	True	True	None
231	0x0D	591	C	1	130	rec	0	260	True	True	None
231	0x0D	717	F	2	131	rec	1	284	True	False	None
231	0x0D	736	F	4	9	rec	4	227	False	None	None
232	0x0D	167	C	1	128	rec	0	256	True	True	None
232	0x0D	191	C	2	129	rec	1	257	True	False	None
232	0x0D	217	F	3	130	rec	2	268	True	True	None
232	0x0D	225	F	4	131	rec	3	259	True	True	None
233	0x0D	205	F	1	128	rec	0	281	True	False	None
233	0x0D	213	F	2	129	rec	1	282	True	False	None
233	0x0D	171	C	3	130	rec	2	274	True	True	None
233	0x0D	195	C	4	131	rec	3	275	True	False	None
234	0x0D	171	C	1	130	rec	0	271	True	True	None
234	0x0D	195	C	2	131	rec	1	272	True	False	None
234	0x0D	219	C	3	128	rec	2	287	True	False	None
234	0x0D	243	C	4	129	rec	3	288	True	False	None
235	0x0D	29	F	1	130	rec	0	270	True	False	None
235	0x0D	36	F	2	132	rec	1	277	True	False	None
235	0x0D	41	F	3	131	rec	2	276	True	False	None
235	0x0D	49	F	4	133	rec	3	302	True	True	None
236	0x0D	17	F	1	128	rec	0	262	True	True	None
236	0x0D	25	F	2	130	rec	1	302	True	True	None
237	0x0D	390	B	4	1	unowned:B	None	None	None	None	None
237	0x0D	786	C	2	128	rec	0	281	True	False	None
237	0x0D	839	C	2	129	rec	0	281	True	False	None
237	0x0D	863	C	3	136	rec	1	302	True	True	None
237	0x0D	1090	C	9	133	rec	2	280	True	False	None
237	0x5C	893	C	4	134	rec	3	287	True	False	None
237	0x5C	901	C	4	135	rec	4	288	True	False	None
237	0x0D	1070	C	8	131	rec	5	260	True	True	None
237	0x0D	758	C	1	132	rec	6	263	True	False	None
237	0x0D	936	C	5	130	rec	7	260	True	True	None
237	0x0D	988	C	6	130	rec	8	260	True	True	None
237	0x0D	1042	C	7	130	rec	9	260	True	True	None
237	0x0D	1118	C	10	228	rec	25	302	True	True	None
238	0x0D	29	F	2	129	rec	0	284	True	False	None
238	0x0D	21	F	1	128	rec	1	283	True	False	None
238	0x0D	36	F	3	9	rec	3	227	False	None	None
239	0x0D	17	F	1	128	rec	0	259	True	True	None
240	0x0D	165	B	2	139	unowned:B	None	None	None	None	None
240	0x0D	174	B	2	143	unowned:B	None	None	None	None	None
240	0x0D	220	B	2	129	unowned:B	None	None	None	None	None
240	0x0D	227	B	2	144	unowned:B	None	None	None	None	None
240	0x0D	234	B	2	140	unowned:B	None	None	None	None	None
240	0x0D	241	B	2	145	unowned:B	None	None	None	None	None
240	0x0D	264	B	2	130	unowned:B	None	None	None	None	None
240	0x0D	478	C	2	142	rec	0	274	True	True	None
240	0x0D	510	C	2	133	rec	0	274	True	True	None
240	0x0D	514	C	2	147	rec	0	274	True	True	None
240	0x0D	491	C	2	146	rec	0	274	True	True	None
240	0x0D	434	C	1	141	rec	1	275	True	False	None
240	0x0D	360	C	1	136	rec	1	275	True	False	None
240	0x0D	377	C	1	138	rec	1	275	True	False	None
240	0x0D	390	C	1	137	rec	1	275	True	False	None
240	0x0D	326	C	1	135	rec	1	275	True	False	None
240	0x0D	624	C	3	131	rec	2	256	True	True	None
240	0x0D	635	C	3	228	rec	2	256	True	True	None
240	0x0D	586	C	3	128	rec	2	256	True	True	None
240	0x0D	710	C	4	134	rec	3	268	True	True	None
240	0x0D	670	C	4	132	rec	3	268	True	True	None
241	0x0D	507	B	5	1	unowned:B	None	None	None	None	None
241	0x0D	745	F	1	128	rec	0	283	True	False	None
241	0x0D	575	C	2	129	rec	1	278	True	False	None
241	0x0D	591	C	3	130	rec	2	279	True	False	None
241	0x0D	769	F	4	131	rec	3	280	True	False	None
241	0x0D	777	F	5	132	rec	4	258	True	False	None
241	0x5C	640	C	5	228	rec	5	262	True	True	None
241	0x5C	647	C	5	229	rec	5	262	True	True	None
241	0x5C	711	C	5	230	rec	5	262	True	True	None
242	0x0D	98	B	1	129	unowned:B	None	None	None	None	None
242	0x0D	157	F	1	128	rec	0	260	True	True	None
242	0x0D	165	F	2	130	rec	1	284	True	False	None
242	0x0D	172	F	3	9	rec	4	227	False	None	None
243	0x0D	165	C	1	128	rec	0	256	True	True	None
243	0x0D	193	C	2	129	rec	1	257	True	False	None
243	0x0D	213	F	3	130	rec	2	259	True	True	None
244	0x0D	21	F	1	128	rec	0	281	True	False	None
244	0x0D	29	F	2	129	rec	1	282	True	False	None
244	0x0D	37	F	3	130	rec	2	275	True	False	None
245	0x0D	169	C	1	128	rec	0	287	True	False	None
245	0x0D	197	C	2	129	rec	1	288	True	False	None
245	0x0D	225	F	3	130	rec	2	271	True	True	None
245	0x0D	233	F	4	131	rec	3	272	True	False	None
246	0x0D	181	C	1	130	rec	0	270	True	False	None
246	0x0D	232	F	2	132	rec	1	277	True	False	None
246	0x0D	237	F	3	131	rec	2	276	True	False	None
246	0x0D	209	C	4	133	rec	3	302	True	True	None
247	0x0D	165	C	1	128	rec	0	262	True	True	None
247	0x0D	193	C	2	129	rec	1	263	True	False	None
248	0x0D	166	B	1	1	unowned:B	None	None	None	None	None
248	0x0D	199	B	2	129	unowned:B	None	None	None	None	None
248	0x0D	241	B	2	130	unowned:B	None	None	None	None	None
248	0x0D	250	B	2	131	unowned:B	None	None	None	None	None
248	0x0D	257	B	2	132	unowned:B	None	None	None	None	None
248	0x0D	264	B	2	133	unowned:B	None	None	None	None	None
248	0x0D	271	B	2	134	unowned:B	None	None	None	None	None
248	0x0D	278	B	2	135	unowned:B	None	None	None	None	None
248	0x0D	438	B	7	138	unowned:B	None	None	None	None	None
248	0x0D	444	B	7	139	unowned:B	None	None	None	None	None
248	0x0D	874	C	2	128	rec	0	270	True	False	None
248	0x0D	883	C	2	137	rec	0	270	True	False	None
248	0x0D	927	C	3	136	rec	1	268	True	True	None
249	0x0D	84	B	1	228	unowned:B	None	None	None	None	None
249	0x0D	251	B	2	128	unowned:B	None	None	None	None	None
249	0x5C	436	B	2	135	player	None	0	False	None	None
249	0x0D	272	B	2	129	unowned:B	None	None	None	None	None
249	0x0D	346	B	2	132	unowned:B	None	None	None	None	None
249	0x0D	353	B	2	130	unowned:B	None	None	None	None	None
249	0x0D	359	B	2	133	unowned:B	None	None	None	None	None
249	0x0D	465	F	1	131	rec	0	260	True	True	None
249	0x0D	473	F	2	134	rec	1	268	True	True	None
249	0x0D	480	F	3	9	rec	6	227	False	None	None
250	0x0D	17	F	1	128	rec	0	275	True	False	None
251	0x0D	49	C	1	128	rec	0	281	True	False	None
251	0x0D	101	C	2	129	rec	1	288	True	False	None
252	0x0D	99	B	1	1	unowned:B	None	None	None	None	None
252	0x0D	547	C	1	128	rec	0	275	True	False	None
252	0x0D	571	C	2	129	rec	1	258	True	False	None
252	0x0D	587	C	3	130	rec	2	283	True	False	None
252	0x0D	603	C	4	131	rec	3	279	True	False	None
252	0x0D	619	C	5	132	rec	4	278	True	False	None
252	0x0D	635	C	6	133	rec	5	280	True	False	None
253	0x0D	127	B	2	132	unowned:B	None	None	None	None	None
253	0x0D	184	C	1	131	rec	0	260	True	True	None
253	0x0D	218	C	1	130	rec	0	260	True	True	None
253	0x0D	255	C	2	132	rec	1	284	True	False	None
253	0x0D	270	C	3	128	rec	2	287	True	False	None
253	0x0D	278	C	3	129	rec	2	287	True	False	None
253	0x0D	320	F	3	9	rec	7	227	False	None	None
254	0x0D	35	C	1	128	rec	0	256	True	True	None
254	0x0D	51	C	2	129	rec	1	257	True	False	None
254	0x0D	67	C	3	130	rec	2	268	True	True	None
254	0x0D	83	C	4	131	rec	3	259	True	True	None
255	0x0D	31	C	1	128	rec	0	281	True	False	None
255	0x0D	47	C	2	129	rec	1	282	True	False	None
255	0x0D	63	C	3	130	rec	2	274	True	True	None
256	0x0D	169	C	1	128	rec	0	287	True	False	None
256	0x0D	193	C	2	129	rec	1	288	True	False	None
256	0x0D	217	C	3	130	rec	2	271	True	True	None
256	0x0D	235	C	4	131	rec	3	272	True	False	None
257	0x0D	23	C	1	130	rec	0	270	True	False	None
258	0x5C	143	B	2	129	rec	1	284	True	False	None
258	0x5C	161	B	2	138	rec	1	284	True	False	None
258	0x5C	196	B	2	134	rec	1	284	True	False	None
258	0x5C	201	B	2	138	rec	1	284	True	False	None
258	0x5C	215	B	2	133	rec	1	284	True	False	None
258	0x5C	220	B	2	138	rec	1	284	True	False	None
258	0x5C	232	B	2	137	rec	1	284	True	False	None
258	0x5C	271	B	3	130	rec	1	284	True	False	None
258	0x5C	289	B	3	138	rec	1	284	True	False	None
258	0x5C	324	B	3	134	rec	1	284	True	False	None
258	0x5C	329	B	3	138	rec	1	284	True	False	None
258	0x5C	343	B	3	133	rec	1	284	True	False	None
258	0x5C	348	B	3	138	rec	1	284	True	False	None
258	0x5C	360	B	3	137	rec	1	284	True	False	None
258	0x5C	399	B	4	131	rec	1	284	True	False	None
258	0x5C	417	B	4	138	rec	1	284	True	False	None
258	0x5C	452	B	4	134	rec	1	284	True	False	None
258	0x5C	457	B	4	138	rec	1	284	True	False	None
258	0x5C	471	B	4	133	rec	1	284	True	False	None
258	0x5C	476	B	4	138	rec	1	284	True	False	None
258	0x5C	488	B	4	137	rec	1	284	True	False	None
258	0x5C	527	B	5	132	rec	1	284	True	False	None
258	0x5C	545	B	5	138	rec	1	284	True	False	None
258	0x5C	580	B	5	134	rec	1	284	True	False	None
258	0x5C	585	B	5	138	rec	1	284	True	False	None
258	0x5C	599	B	5	185	player	None	0	False	None	None
258	0x5C	619	B	5	137	rec	1	284	True	False	None
258	0x5C	1129	B	6	139	rec	1	284	True	False	None
258	0x5C	1083	B	6	135	rec	1	284	True	False	None
258	0x5C	1168	B	7	140	rec	1	284	True	False	None
258	0x0D	1688	C	5	161	rec	1	284	True	False	None
258	0x0D	1694	C	5	160	rec	1	284	True	False	None
258	0x0D	1709	C	5	162	rec	1	284	True	False	None
258	0x0D	1721	C	5	163	rec	1	284	True	False	None
258	0x0D	1733	C	5	166	rec	1	284	True	False	None
258	0x0D	1745	C	5	167	rec	1	284	True	False	None
258	0x0D	1757	C	5	168	rec	1	284	True	False	None
258	0x0D	1769	C	5	169	rec	1	284	True	False	None
258	0x0D	1781	C	5	170	rec	1	284	True	False	None
258	0x0D	1793	C	5	171	rec	1	284	True	False	None
258	0x0D	1805	C	5	172	rec	1	284	True	False	None
258	0x0D	1817	C	5	173	rec	1	284	True	False	None
258	0x0D	1834	C	5	174	rec	1	284	True	False	None
258	0x0D	1840	C	5	175	rec	1	284	True	False	None
258	0x0D	1852	C	5	176	rec	1	284	True	False	None
258	0x0D	1864	C	5	178	rec	1	284	True	False	None
258	0x0D	1876	C	5	179	rec	1	284	True	False	None
258	0x0D	1888	C	5	180	rec	1	284	True	False	None
258	0x0D	1900	C	5	181	rec	1	284	True	False	None
258	0x0D	1912	C	5	182	rec	1	284	True	False	None
258	0x0D	1936	C	8	158	rec	7	283	True	False	None
258	0x0D	1943	C	8	159	rec	7	283	True	False	None
259	0x0D	155	B	2	1	unowned:B	None	None	None	None	None
259	0x0D	357	B	3	1	unowned:B	None	None	None	None	None
259	0x0D	959	C	1	129	rec	0	258	True	False	None
259	0x0D	975	C	2	130	rec	1	283	True	False	None
259	0x0D	997	C	3	131	rec	2	278	True	False	None
259	0x0D	1021	C	4	132	rec	3	279	True	False	None
259	0x0D	1039	C	5	133	rec	4	280	True	False	None
259	0x0D	1058	C	6	128	rec	5	302	True	True	None
260	0x0D	116	B	1	134	unowned:B	None	None	None	None	None
260	0x5C	466	B	3	130	rec	0	260	True	True	None
260	0x0D	622	C	1	128	rec	0	260	True	True	None
260	0x0D	633	C	1	129	rec	0	260	True	True	None
260	0x0D	647	C	2	134	rec	1	284	True	False	None
260	0x0D	670	C	3	131	rec	2	302	True	True	None
260	0x0D	683	C	3	132	rec	2	302	True	True	None
260	0x0D	695	C	3	133	rec	2	302	True	True	None
260	0x0D	701	C	3	137	rec	2	302	True	True	None
260	0x0D	767	C	7	135	rec	6	268	True	True	None
260	0x5C	774	C	7	139	player	None	0	False	None	None
260	0x0D	794	C	7	136	rec	6	268	True	True	None
260	0x0D	821	C	8	9	rec	7	227	False	None	None
260	0x5C	832	C	8	140	player	None	0	False	None	None
260	0x0D	867	C	8	141	rec	7	227	False	None	None
260	0x0D	881	C	8	138	rec	7	227	False	None	None
260	0x5C	887	C	8	142	player	None	0	False	None	None
260	0x5C	906	C	8	143	player	None	0	False	None	None
261	0x0D	194	C	1	128	rec	0	256	True	True	None
261	0x0D	202	C	1	129	rec	0	256	True	True	None
261	0x0D	225	C	2	130	rec	1	257	True	False	None
261	0x0D	274	F	3	131	rec	2	268	True	True	None
261	0x0D	280	F	3	132	rec	2	268	True	True	None
261	0x0D	285	F	4	133	rec	3	259	True	True	None
261	0x0D	243	C	5	134	rec	4	302	True	True	None
262	0x0D	193	F	1	128	rec	0	281	True	False	None
262	0x0D	201	F	2	129	rec	1	282	True	False	None
262	0x0D	208	F	3	130	rec	2	274	True	True	None
262	0x0D	177	C	4	131	rec	3	275	True	False	None
263	0x0D	218	C	1	135	rec	0	287	True	False	None
263	0x0D	176	C	1	128	rec	0	287	True	False	None
263	0x0D	193	C	1	129	rec	0	287	True	False	None
263	0x0D	201	C	1	130	rec	0	287	True	False	None
263	0x0D	241	C	2	131	rec	1	288	True	False	None
263	0x0D	273	F	3	133	rec	2	272	True	False	None
263	0x0D	281	F	4	132	rec	3	271	True	True	None
264	0x0D	21	F	1	130	rec	0	270	True	False	None
264	0x0D	29	F	2	132	rec	1	277	True	False	None
264	0x0D	37	F	3	131	rec	2	276	True	False	None
265	0x0D	31	C	1	128	rec	0	263	True	False	None
265	0x0D	49	F	2	129	rec	1	302	True	True	None
266	0x0D	189	B	2	1	unowned:B	None	None	None	None	None
266	0x0D	651	C	1	128	rec	0	275	True	False	None
266	0x0D	675	C	2	129	rec	1	280	True	False	None
266	0x0D	699	C	3	130	rec	2	287	True	False	None
266	0x0D	742	C	4	132	rec	3	277	True	False	None
267	0x0D	63	B	1	130	unowned:B	None	None	None	None	None
267	0x0D	109	F	1	128	rec	0	284	True	False	None
267	0x0D	116	F	2	2	rec	2	227	False	None	None
268	0x0D	17	F	1	128	rec	0	259	True	True	None
269	0x0D	23	C	1	128	rec	0	274	True	True	None
270	0x5C	182	B	2	129	rec	1	256	True	True	None
270	0x5C	187	B	2	138	rec	3	268	True	True	None
270	0x5C	215	B	2	144	rec	2	277	True	False	None
270	0x5C	243	B	2	146	rec	0	276	True	False	None
270	0x5C	251	B	2	134	rec	4	302	True	True	None
270	0x5C	258	B	2	139	rec	3	268	True	True	None
270	0x5C	281	B	2	140	rec	3	268	True	True	None
270	0x5C	317	B	2	149	rec	2	277	True	False	None
270	0x5C	330	B	2	150	player	None	0	False	None	None
270	0x5C	345	B	2	141	rec	3	268	True	True	None
270	0x5C	353	B	2	135	rec	4	302	True	True	None
270	0x0D	399	C	1	145	rec	0	276	True	False	None
270	0x5C	83	C	1	131	rec	4	302	True	True	None
270	0x5C	101	C	1	133	rec	4	302	True	True	None
270	0x5C	120	C	1	132	rec	4	302	True	True	None
270	0x5C	125	C	1	137	rec	3	268	True	True	None
270	0x5C	133	C	1	143	rec	2	277	True	False	None
270	0x5C	417	C	1	147	rec	3	268	True	True	None
270	0x0D	467	C	2	128	rec	1	256	True	True	None
270	0x0D	491	C	3	142	rec	2	277	True	False	None
270	0x0D	515	C	4	136	rec	3	268	True	True	None
270	0x0D	539	C	5	130	rec	4	302	True	True	None
271	0x5C	647	B	1	131	player	None	0	False	None	None
271	0x0D	233	B	2	1	unowned:B	None	None	None	None	None
272	0x0D	163	C	1	128	rec	0	275	True	False	None
272	0x0D	202	C	2	129	rec	1	268	True	True	None
272	0x0D	224	F	1	9	rec	11	227	False	None	None
273	0x0D	17	F	1	128	rec	0	259	True	True	None
274	0x0D	324	B	2	159	unowned:B	None	None	None	None	None
274	0x0D	624	C	1	165	rec	0	274	True	True	None
274	0x0D	637	C	1	165	rec	0	274	True	True	None
274	0x0D	658	C	2	128	rec	1	275	True	False	None
274	0x0D	677	C	2	129	rec	1	275	True	False	None
274	0x0D	706	C	2	130	rec	1	275	True	False	None
274	0x0D	762	C	3	157	rec	2	302	True	True	None
274	0x0D	769	C	3	158	rec	2	302	True	True	None
274	0x0D	782	C	3	150	rec	2	302	True	True	None
274	0x0D	801	C	3	151	rec	2	302	True	True	None
274	0x0D	812	C	3	152	rec	2	302	True	True	None
274	0x0D	823	C	3	153	rec	2	302	True	True	None
274	0x0D	871	C	3	154	rec	2	302	True	True	None
274	0x0D	887	C	3	155	rec	2	302	True	True	None
274	0x0D	900	C	3	172	rec	2	302	True	True	None
274	0x0D	933	C	3	156	rec	2	302	True	True	None
274	0x0D	952	C	4	136	rec	3	268	True	True	None
274	0x0D	974	C	4	137	rec	3	268	True	True	None
274	0x0D	992	C	4	138	rec	3	268	True	True	None
274	0x0D	1003	C	4	139	rec	3	268	True	True	None
274	0x0D	1014	C	4	140	rec	3	268	True	True	None
274	0x0D	1025	C	4	141	rec	3	268	True	True	None
274	0x0D	1047	C	4	142	rec	3	268	True	True	None
274	0x0D	1109	C	7	131	rec	6	275	True	False	None
274	0x0D	1150	C	7	132	rec	6	275	True	False	None
274	0x0D	1197	C	8	143	rec	7	268	True	True	None
274	0x0D	1234	C	8	144	rec	7	268	True	True	None
274	0x0D	1296	C	10	145	rec	9	268	True	True	None
274	0x0D	1307	C	10	146	rec	9	268	True	True	None
274	0x0D	1319	C	10	147	rec	9	268	True	True	None
274	0x0D	1344	C	10	148	rec	9	268	True	True	None
274	0x0D	1355	C	10	149	rec	9	268	True	True	None
274	0x0D	1387	C	11	133	rec	10	275	True	False	None
274	0x0D	1406	C	11	134	rec	10	275	True	False	None
274	0x0D	1444	C	11	135	rec	10	275	True	False	None
274	0xC4	1575	C	12	166	player	None	0	False	None	274
274	0xC4	1667	C	12	167	player	None	0	False	None	274
274	0xC4	1692	C	12	168	player	None	0	False	None	274
274	0x0D	1732	C	13	160	rec	12	302	True	True	None
274	0x0D	1755	C	13	161	rec	12	302	True	True	None
274	0x0D	1768	C	13	162	rec	12	302	True	True	None
274	0x0D	1779	C	13	163	rec	12	302	True	True	None
274	0x0D	1785	C	13	164	rec	12	302	True	True	None
274	0x0D	1830	C	14	169	rec	13	256	True	True	None
274	0x0D	1841	C	14	170	rec	13	256	True	True	None
274	0x0D	1865	C	14	171	rec	13	256	True	True	None
275	0x0D	63	B	1	1	unowned:B	None	None	None	None	None
276	0x0D	71	B	1	129	unowned:B	None	None	None	None	None
276	0x0D	124	C	1	129	rec	0	284	True	False	None
276	0x0D	144	C	2	128	rec	1	283	True	False	None
276	0x0D	176	F	3	2	rec	3	227	False	None	None
277	0x0D	56	C	1	128	rec	0	256	True	True	None
277	0x0D	84	C	2	129	rec	1	257	True	False	None
277	0x0D	104	C	3	130	rec	2	258	True	False	None
277	0x0D	124	C	4	131	rec	3	268	True	True	None
277	0x0D	144	C	5	132	rec	4	259	True	True	None
278	0x0D	176	C	1	128	rec	0	278	True	False	None
278	0x0D	196	C	2	129	rec	1	279	True	False	None
278	0x0D	221	C	3	130	rec	2	280	True	False	None
278	0x0D	241	C	4	131	rec	3	281	True	False	None
278	0x0D	256	C	5	132	rec	4	282	True	False	None
278	0x0D	276	C	6	133	rec	5	275	True	False	None
278	0x0D	300	C	7	134	rec	6	302	True	True	None
278	0x5C	309	C	7	136	player	None	0	False	None	None
278	0x0D	328	C	7	137	rec	6	302	True	True	None
278	0x0D	340	C	7	135	rec	6	302	True	True	None
279	0x0D	164	C	1	128	rec	0	287	True	False	None
279	0x0D	189	C	2	129	rec	1	288	True	False	None
279	0x0D	213	C	3	130	rec	2	271	True	True	None
279	0x0D	237	C	4	131	rec	3	272	True	False	None
280	0x0D	32	C	1	136	rec	0	277	True	False	None
280	0x0D	73	C	2	135	rec	1	276	True	False	None
280	0x0D	80	C	2	134	rec	1	276	True	False	None
280	0x0D	87	C	2	133	rec	1	276	True	False	None
280	0x0D	94	C	2	132	rec	1	276	True	False	None
280	0x0D	112	C	3	131	rec	2	270	True	False	None
281	0x0D	24	C	1	128	rec	0	263	True	False	None
282	0x0D	71	B	1	1	unowned:B	None	None	None	None	None
282	0x0D	631	B	8	128	unowned:B	None	None	None	None	None
282	0x0D	676	C	1	129	rec	15	302	True	True	None
282	0x0D	687	C	1	130	rec	15	302	True	True	None
283	0x0D	32	C	1	128	rec	0	284	True	False	None
283	0x0D	52	F	2	2	rec	2	227	False	None	None
284	0x0D	40	C	1	128	rec	0	256	True	True	None
284	0x0D	60	C	2	129	rec	1	257	True	False	None
284	0x0D	80	C	3	130	rec	2	258	True	False	None
284	0x0D	100	C	4	131	rec	3	268	True	True	None
284	0x0D	120	C	5	132	rec	4	259	True	True	None
285	0x0D	209	C	1	128	rec	0	278	True	False	None
285	0x0D	233	C	2	129	rec	1	279	True	False	None
285	0x0D	257	C	3	130	rec	2	280	True	False	None
285	0x0D	281	C	4	131	rec	3	281	True	False	None
285	0x0D	300	C	5	132	rec	4	282	True	False	None
285	0x0D	319	C	14	133	rec	13	275	True	False	None
286	0x0D	36	C	1	128	rec	0	287	True	False	None
286	0x0D	56	C	2	129	rec	1	288	True	False	None
286	0x0D	76	C	3	130	rec	2	271	True	True	None
286	0x0D	96	C	4	131	rec	3	272	True	False	None
287	0x0D	128	C	1	130	rec	0	270	True	False	None
287	0x0D	169	C	2	134	rec	1	276	True	False	None
287	0x0D	176	C	2	133	rec	1	276	True	False	None
287	0x0D	183	C	2	132	rec	1	276	True	False	None
287	0x0D	190	C	2	131	rec	1	276	True	False	None
287	0x0D	212	C	3	135	rec	2	302	True	True	None
287	0x0D	223	C	3	136	rec	2	302	True	True	None
287	0x0D	239	C	27	138	rec	26	277	True	False	None
288	0x0D	24	C	1	128	rec	0	263	True	False	None
289	0x0D	154	B	1	1	unowned:B	None	None	None	None	None
290	0x0D	65	B	1	132	unowned:B	None	None	None	None	None
290	0x0D	173	C	1	128	rec	0	302	True	True	None
290	0x0D	191	C	1	130	rec	0	302	True	True	None
290	0x0D	199	C	1	129	rec	0	302	True	True	None
290	0x0D	208	C	1	131	rec	0	302	True	True	None
290	0x0D	236	F	4	2	rec	3	227	False	None	None
291	0x0D	39	C	1	128	rec	0	268	True	True	None
291	0x0D	56	C	2	129	rec	1	259	True	True	None
292	0x5C	240	B	2	140	rec	3	302	True	True	None
292	0x5C	248	B	2	144	rec	10	268	True	True	None
292	0x5C	253	B	2	141	rec	3	302	True	True	None
292	0x5C	258	B	2	145	rec	10	268	True	True	None
292	0x5C	266	B	2	136	rec	2	281	True	False	None
292	0x5C	274	B	2	146	rec	10	268	True	True	None
292	0x5C	285	B	2	130	rec	4	280	True	False	None
292	0x5C	290	B	2	147	rec	10	268	True	True	None
292	0x5C	311	B	2	142	rec	3	302	True	True	None
292	0x5C	316	B	2	131	rec	4	280	True	False	None
292	0x5C	329	B	2	148	rec	10	268	True	True	None
292	0x0D	363	C	1	128	rec	0	280	True	False	None
292	0x0D	391	C	2	138	rec	1	279	True	False	None
292	0x5C	405	C	2	151	rec	10	268	True	True	None
292	0x0D	468	C	3	135	rec	2	281	True	False	None
292	0x0D	482	C	3	137	rec	2	281	True	False	None
292	0x0D	535	C	4	139	rec	3	302	True	True	None
292	0x0D	550	C	4	143	rec	3	302	True	True	None
292	0x0D	580	C	5	129	rec	4	280	True	False	None
292	0x0D	595	C	5	132	rec	4	280	True	False	None
292	0x0D	624	C	6	133	rec	5	282	True	False	None
292	0x0D	639	C	6	134	rec	5	282	True	False	None
292	0x0D	728	C	11	149	rec	10	268	True	True	None
293	0x5C	363	B	3	130	player	None	0	False	None	None
293	0x0D	296	B	7	1	unowned:B	None	None	None	None	None
293	0x0D	416	C	1	131	rec	0	278	True	False	None
293	0x0D	424	C	1	132	rec	0	278	True	False	None
293	0x0D	439	C	1	133	rec	0	278	True	False	None
293	0x0D	456	C	2	129	rec	1	256	True	True	None
293	0x5C	524	F	7	134	player	None	0	False	None	None
293	0x5C	532	F	8	135	player	None	0	False	None	None
294	0x0D	24	F	2	2	rec	1	227	False	None	None
295	0x5C	123	B	1	129	rec	1	278	True	False	None
295	0x5C	128	B	1	133	rec	2	281	True	False	None
295	0x5C	145	B	1	134	rec	2	281	True	False	None
295	0x0D	323	C	1	137	rec	0	256	True	True	None
295	0x0D	340	C	1	139	rec	0	256	True	True	None
295	0x0D	350	C	1	138	rec	0	256	True	True	None
295	0x0D	449	C	5	143	rec	4	268	True	True	None
295	0x0D	473	C	6	148	rec	5	302	True	True	None
295	0x0D	497	C	7	136	rec	6	283	True	False	None
295	0x0D	521	C	8	140	rec	7	284	True	False	None
295	0x0D	545	C	9	144	rec	8	288	True	False	None
295	0x0D	569	C	10	142	rec	9	287	True	False	None
295	0x0D	593	C	11	131	rec	10	277	True	False	None
295	0x0D	617	C	12	141	rec	11	259	True	True	None
295	0x0D	641	C	13	145	rec	12	275	True	False	None
295	0x0D	659	C	14	146	rec	13	257	True	False	None
295	0x0D	675	C	15	147	rec	14	258	True	False	None
295	0x0D	691	C	16	130	rec	15	278	True	False	None
295	0x0D	707	C	17	132	rec	16	279	True	False	None
295	0x0D	723	C	18	135	rec	17	281	True	False	None
297	0x0D	263	C	1	128	rec	0	268	True	True	None
297	0x0D	279	C	2	129	rec	1	302	True	True	None
297	0x0D	294	C	3	130	rec	2	277	True	False	None
297	0x0D	317	C	14	131	rec	13	259	True	True	None
298	0x0D	151	B	1	131	unowned:B	None	None	None	None	None
298	0x5C	221	B	2	135	rec	1	284	True	False	None
298	0x5C	239	B	2	144	rec	1	284	True	False	None
298	0x5C	274	B	2	140	rec	1	284	True	False	None
298	0x5C	279	B	2	144	rec	1	284	True	False	None
298	0x5C	293	B	2	139	rec	1	284	True	False	None
298	0x5C	298	B	2	144	rec	1	284	True	False	None
298	0x5C	310	B	2	143	rec	1	284	True	False	None
298	0x5C	345	B	3	136	rec	1	284	True	False	None
298	0x5C	363	B	3	144	rec	1	284	True	False	None
298	0x5C	398	B	3	140	rec	1	284	True	False	None
298	0x5C	403	B	3	144	rec	1	284	True	False	None
298	0x5C	417	B	3	139	rec	1	284	True	False	None
298	0x5C	422	B	3	144	rec	1	284	True	False	None
298	0x5C	434	B	3	143	rec	1	284	True	False	None
298	0x5C	473	B	4	137	rec	1	284	True	False	None
298	0x5C	491	B	4	144	rec	1	284	True	False	None
298	0x5C	526	B	4	140	rec	1	284	True	False	None
298	0x5C	531	B	4	144	rec	1	284	True	False	None
298	0x5C	545	B	4	139	rec	1	284	True	False	None
298	0x5C	550	B	4	144	rec	1	284	True	False	None
298	0x5C	562	B	4	143	rec	1	284	True	False	None
298	0x5C	601	B	5	138	rec	1	284	True	False	None
298	0x5C	619	B	5	144	rec	1	284	True	False	None
298	0x5C	654	B	5	140	rec	1	284	True	False	None
298	0x5C	659	B	5	144	rec	1	284	True	False	None
298	0x5C	673	B	5	139	rec	1	284	True	False	None
298	0x5C	678	B	5	144	rec	1	284	True	False	None
298	0x0D	692	B	5	146	unowned:B	None	None	None	None	None
298	0x5C	709	B	5	143	rec	1	284	True	False	None
298	0x0D	1209	B	6	145	unowned:B	None	None	None	None	None
298	0x0D	1215	B	6	130	unowned:B	None	None	None	None	None
298	0x0D	1184	B	6	141	unowned:B	None	None	None	None	None
298	0x0D	1578	C	5	129	rec	1	284	True	False	None
298	0x0D	1602	C	6	128	rec	2	283	True	False	None
298	0x0D	1652	F	8	2	rec	9	227	False	None	None
299	0x0D	47	C	1	128	rec	0	256	True	True	None
299	0x0D	63	C	2	129	rec	1	278	True	False	None
299	0x0D	79	C	3	130	rec	2	257	True	False	None
299	0x0D	95	C	4	131	rec	3	279	True	False	None
299	0x0D	111	C	5	132	rec	4	258	True	False	None
299	0x0D	127	C	6	133	rec	5	281	True	False	None
299	0x0D	143	C	7	134	rec	6	259	True	True	None
300	0x0D	165	C	1	128	rec	0	287	True	False	None
300	0x0D	189	C	2	129	rec	1	288	True	False	None
300	0x0D	213	C	3	130	rec	2	275	True	False	None
301	0x0D	97	B	5	1	unowned:B	None	None	None	None	None
302	0x0D	533	C	6	128	rec	3	66	False	None	None
302	0x0D	541	C	6	133	rec	3	66	False	None	None
302	0x0D	445	C	4	129	rec	4	71	False	None	None
302	0x0D	453	C	4	133	rec	4	71	False	None	None
302	0x0D	569	C	7	130	rec	5	68	False	None	None
302	0x0D	577	C	7	133	rec	5	68	False	None	None
302	0x0D	609	C	8	132	rec	6	113	False	None	None
302	0x0D	629	C	8	133	rec	6	113	False	None	None
302	0x0D	486	C	5	131	rec	8	50	False	None	None
302	0x0D	506	C	5	133	rec	8	50	False	None	None
302	0x0D	688	F	8	2	rec	9	227	False	None	None
303	0x5C	140	B	3	133	player	None	0	False	None	None
303	0x5C	163	B	3	134	player	None	0	False	None	None
303	0x0D	369	C	1	138	rec	0	286	True	True	None
303	0x0D	401	C	2	131	rec	2	264	True	True	None
303	0x0D	410	C	2	132	rec	2	264	True	True	None
303	0x0D	429	C	3	139	rec	3	286	True	True	None
304	0x0D	360	B	2	110	unowned:B	None	None	None	None	None
304	0x0D	1117	F	25	129	rec	25	25	False	None	None
304	0x0D	1125	F	26	130	rec	26	25	False	None	None
304	0x0D	1133	F	27	131	rec	27	25	False	None	None
304	0x0D	1141	F	28	132	rec	28	25	False	None	None
304	0x0D	1149	F	29	133	rec	29	25	False	None	None
304	0x0D	1157	F	30	134	rec	30	25	False	None	None
304	0x0D	1165	F	31	135	rec	31	25	False	None	None
304	0x0D	1173	F	32	136	rec	32	25	False	None	None
304	0x0D	1181	F	33	137	rec	33	25	False	None	None
304	0x0D	1189	F	34	138	rec	34	25	False	None	None
308	0x5C	123	B	1	132	rec	0	349	True	True	None
309	0x5C	374	B	2	129	rec	4	349	True	True	None
309	0x5C	436	B	3	130	rec	5	349	True	True	None
309	0x0D	536	C	2	128	rec	1	349	True	True	None
309	0x0D	588	C	11	131	rec	10	349	True	True	None
310	0x5C	101	B	1	133	rec	1	302	True	True	None
321	0x5C	78	B	1	167	rec	0	509	True	True	None
324	0x5C	141	B	2	192	rec	1	495	True	False	None
325	0x5C	391	B	2	140	player	None	0	False	None	None
325	0x5C	129	B	2	138	rec	0	412	True	False	None
325	0x5C	152	B	2	141	rec	0	412	True	False	None
325	0x5C	225	B	2	142	rec	0	412	True	False	None
325	0x5C	456	C	2	137	rec	0	412	True	False	None
326	0x5C	139	B	1	156	player	None	0	False	None	None
326	0x0D	244	C	2	146	rec	0	446	True	False	None
326	0x0D	267	C	2	219	rec	0	446	True	False	None
327	0x5C	42	B	1	180	player	None	0	False	None	None
327	0x5C	70	B	1	181	player	None	0	False	None	None
327	0x0D	295	B	1	12	unowned:B	None	None	None	None	None
327	0x0D	378	B	1	13	unowned:B	None	None	None	None	None
327	0x5C	410	B	1	186	player	None	0	False	None	None
327	0x5C	420	B	1	187	player	None	0	False	None	None
327	0x5C	430	B	1	188	player	None	0	False	None	None
327	0x5C	148	B	1	137	rec	0	418	True	True	None
327	0x0D	471	C	1	136	rec	0	418	True	True	None
328	0x0D	459	C	12	1	rec	11	326	False	False	None
328	0x0D	605	C	15	133	rec	14	336	False	False	None
329	0x5C	292	B	2	174	rec	5	506	True	False	None
329	0x5C	297	B	2	175	rec	6	347	False	False	None
329	0x5C	302	B	2	176	rec	5	506	True	False	None
329	0x5C	570	B	3	177	rec	6	347	False	False	None
329	0x0D	1079	B	3	185	unowned:B	None	None	None	None	None
331	0x0D	458	B	1	1	unowned:B	None	None	None	None	None
331	0x0D	700	B	3	136	unowned:B	None	None	None	None	None
331	0x0D	720	B	3	186	unowned:B	None	None	None	None	None
331	0x0D	764	B	3	187	unowned:B	None	None	None	None	None
331	0x0D	776	B	3	188	unowned:B	None	None	None	None	None
331	0x5C	2433	B	20	189	rec	98	274	True	True	None
331	0x0D	2555	B	21	185	unowned:B	None	None	None	None	None
331	0x0D	2647	B	21	199	unowned:B	None	None	None	None	None
331	0x0D	2668	B	21	197	unowned:B	None	None	None	None	None
331	0x0D	3386	C	19	156	rec	4	280	True	False	None
331	0x0D	3357	C	19	152	rec	4	280	True	False	None
331	0x0D	3366	C	19	156	rec	4	280	True	False	None
331	0x0D	3437	C	20	153	rec	5	283	True	False	None
331	0x0D	3446	C	20	157	rec	5	283	True	False	None
331	0x0D	3509	C	21	154	rec	6	287	True	False	None
331	0x0D	3518	C	21	158	rec	6	287	True	False	None
331	0x0D	2704	C	1	128	rec	7	286	True	True	None
331	0x0D	2727	C	2	129	rec	9	286	True	True	None
331	0x0D	2738	C	2	130	rec	9	286	True	True	None
331	0x0D	2760	C	3	132	rec	10	286	True	True	None
331	0x0D	2780	C	4	133	rec	11	286	True	True	None
331	0x0D	2800	C	5	134	rec	12	286	True	True	None
331	0x0D	2820	C	6	135	rec	13	286	True	True	None
331	0x0D	3608	C	22	155	rec	16	286	True	True	None
331	0x0D	3617	C	22	159	rec	16	286	True	True	None
331	0x0D	6788	F	15	192	rec	18	247	False	None	None
331	0x0D	6784	F	14	191	rec	19	247	False	None	None
331	0x0D	6796	F	17	194	rec	20	247	False	None	None
331	0x0D	6792	F	16	193	rec	21	247	False	None	None
331	0x0D	2932	C	9	137	rec	24	286	True	True	None
331	0x0D	2956	C	10	138	rec	25	286	True	True	None
331	0x0D	2980	C	11	139	rec	26	286	True	True	None
331	0x0D	3004	C	12	140	rec	27	286	True	True	None
331	0x0D	3028	C	13	141	rec	28	286	True	True	None
331	0x0D	3052	C	14	142	rec	29	286	True	True	None
331	0x0D	3076	C	15	143	rec	30	286	True	True	None
331	0x0D	3100	C	16	144	rec	31	286	True	True	None
331	0x0D	6808	F	20	200	rec	32	247	False	None	None
331	0x0D	3124	C	17	145	rec	33	302	True	True	None
331	0x0D	3202	C	18	146	rec	34	268	True	True	None
331	0x0D	3245	C	18	147	rec	34	268	True	True	None
331	0x0D	3253	C	18	148	rec	34	268	True	True	None
331	0x0D	3263	C	18	149	rec	34	268	True	True	None
331	0x0D	3288	C	18	151	rec	34	268	True	True	None
331	0x0D	3185	C	18	150	rec	34	268	True	True	None
331	0x0D	6800	F	18	196	rec	35	247	False	None	None
331	0x0D	3827	C	26	161	rec	36	263	True	False	None
331	0x0D	3749	C	24	162	rec	37	256	True	True	None
331	0x0D	3783	C	25	163	rec	38	259	True	True	None
331	0x0D	3649	C	23	160	rec	39	268	True	True	None
331	0x0D	3719	C	23	171	rec	39	268	True	True	None
331	0x0D	3900	C	27	184	rec	42	302	True	True	None
331	0x0D	3935	C	27	176	rec	42	302	True	True	None
331	0x0D	3959	C	28	175	rec	43	302	True	True	None
331	0x0D	6816	F	21	201	rec	67	247	False	None	None
331	0x0D	5805	C	58	173	rec	83	261	True	True	None
331	0x0D	5841	C	59	172	rec	84	286	True	True	None
331	0x0D	5850	C	59	165	rec	84	286	True	True	None
331	0x0D	6001	C	61	177	rec	85	256	True	True	None
331	0x0D	6043	C	62	179	rec	86	268	True	True	None
331	0x0D	6088	C	63	178	rec	87	275	True	False	None
331	0x0D	5944	C	60	180	rec	88	302	True	True	None
331	0x0D	6115	C	64	181	rec	89	256	True	True	None
331	0x5C	6124	C	64	182	rec	90	268	True	True	None
331	0x0D	6249	C	67	183	rec	92	302	True	True	None
331	0x0D	6780	F	13	31	rec	99	254	False	None	None
331	0x0D	6804	F	19	195	rec	106	247	False	None	None
331	0x0D	6529	C	76	198	rec	108	286	True	True	None
331	0x0D	6537	C	76	206	rec	108	286	True	True	None
331	0x0D	6560	C	77	202	rec	111	286	True	True	None
331	0x0D	6589	C	78	203	rec	112	286	True	True	None
331	0x0D	6598	C	78	165	rec	112	286	True	True	None
331	0x0D	6620	C	79	166	rec	113	286	True	True	None
331	0x0D	6644	C	80	167	rec	114	286	True	True	None
331	0x0D	6669	C	81	168	rec	115	286	True	True	None
331	0x0D	6677	C	81	167	rec	115	286	True	True	None
331	0x0D	6820	F	22	70	rec	116	254	False	None	None
333	0x0D	118	B	1	128	unowned:B	None	None	None	None	None
333	0x0D	124	B	1	133	unowned:B	None	None	None	None	None
333	0x0D	130	B	1	134	unowned:B	None	None	None	None	None
333	0x0D	164	B	1	136	unowned:B	None	None	None	None	None
333	0x0D	170	B	1	137	unowned:B	None	None	None	None	None
334	0x0D	339	C	1	132	rec	0	260	True	True	None
334	0x0D	304	C	1	131	rec	0	260	True	True	None
334	0x0D	247	C	1	130	rec	0	260	True	True	None
334	0x0D	234	C	1	129	rec	0	260	True	True	None
334	0x0D	222	C	1	128	rec	0	260	True	True	None
334	0x0D	411	C	2	133	rec	2	65	False	None	None
335	0x5C	192	B	2	130	rec	1	260	True	True	None
335	0x0D	513	C	16	147	rec	0	260	True	True	None
335	0x0D	522	C	16	148	rec	0	260	True	True	None
335	0x0D	553	C	17	143	rec	4	273	True	True	None
335	0x0D	562	C	17	146	rec	4	273	True	True	None
335	0x0D	593	C	18	144	rec	8	280	True	False	None
335	0x0D	605	C	18	145	rec	8	280	True	False	None
337	0x0D	918	B	4	107	unowned:B	None	None	None	None	None
339	0x0D	218	B	1	1	unowned:B	None	None	None	None	None
341	0x0D	238	B	1	1	unowned:B	None	None	None	None	None
341	0x0D	349	B	3	131	unowned:B	None	None	None	None	None
341	0x0D	340	B	3	130	unowned:B	None	None	None	None	None
347	0x5C	400	B	4	138	rec	1	418	True	True	None
347	0xC4	410	B	4	140	self-unowned	None	None	None	None	444
347	0xC4	458	B	4	141	self-unowned	None	None	None	None	444
347	0xC4	790	B	6	142	self-unowned	None	None	None	None	444
347	0x5C	904	C	2	132	rec	1	418	True	True	None
347	0x5C	912	C	2	133	rec	1	418	True	True	None
347	0x5C	935	C	2	134	rec	1	418	True	True	None
347	0x5C	943	C	2	135	rec	1	418	True	True	None
347	0x5C	994	C	2	139	rec	1	418	True	True	None
348	0x0D	70	B	1	1	unowned:B	None	None	None	None	None
348	0x0D	162	B	2	1	unowned:B	None	None	None	None	None
348	0x0D	273	B	3	1	unowned:B	None	None	None	None	None
348	0x0D	385	B	4	1	unowned:B	None	None	None	None	None
351	0x5C	684	C	27	15	player	None	0	False	None	None
352	0x0D	563	B	1	1	unowned:B	None	None	None	None	None
352	0x0D	672	B	2	1	unowned:B	None	None	None	None	None
352	0x0D	826	B	5	1	unowned:B	None	None	None	None	None
352	0x0D	922	B	6	1	unowned:B	None	None	None	None	None
352	0x0D	1186	C	18	129	rec	17	301	False	False	None
352	0x0D	1270	C	19	129	rec	18	301	False	False	None
357	0x0D	478	B	8	1	unowned:B	None	None	None	None	None
357	0x0D	1064	C	2	129	rec	2	268	True	True	None
357	0x0D	1075	C	2	130	rec	2	268	True	True	None
357	0x0D	1093	C	2	131	rec	2	268	True	True	None
357	0x0D	1054	C	2	128	rec	2	268	True	True	None
357	0x0D	1230	C	4	129	rec	4	268	True	True	None
357	0x0D	1241	C	4	130	rec	4	268	True	True	None
357	0x0D	1259	C	4	131	rec	4	268	True	True	None
357	0x0D	1220	C	4	128	rec	4	268	True	True	None
357	0x0D	1394	C	6	129	rec	6	268	True	True	None
357	0x0D	1405	C	6	130	rec	6	268	True	True	None
357	0x0D	1423	C	6	131	rec	6	268	True	True	None
357	0x0D	1384	C	6	128	rec	6	268	True	True	None
357	0x0D	1533	C	8	229	rec	11	268	True	True	None
357	0x0D	1539	C	8	230	rec	11	268	True	True	None
357	0x0D	1575	C	8	232	rec	11	268	True	True	None
357	0x0D	1656	C	8	233	rec	11	268	True	True	None
358	0x0D	200	B	2	134	unowned:B	None	None	None	None	None
358	0x0D	433	F	2	133	rec	0	260	True	True	None
358	0x0D	315	C	1	129	rec	1	273	True	True	None
358	0x0D	329	C	1	131	rec	1	273	True	True	None
358	0x0D	368	C	2	130	rec	2	260	True	True	None
358	0x0D	392	C	2	132	rec	2	260	True	True	None
358	0x0D	412	C	2	128	rec	2	260	True	True	None
358	0x0D	440	F	3	9	rec	12	227	False	None	None
359	0x0D	114	C	1	128	rec	0	268	True	True	None
360	0x0D	87	C	1	128	rec	0	268	True	True	None
361	0x5C	59	B	1	129	rec	9	256	True	True	None
361	0x5C	64	B	1	133	rec	6	277	True	False	None
361	0x5C	69	B	1	135	rec	7	259	True	True	None
361	0x5C	74	B	1	134	rec	6	277	True	False	None
361	0x5C	79	B	1	136	rec	0	268	True	True	None
361	0x5C	84	B	1	141	rec	9	256	True	True	None
361	0x5C	92	B	1	146	rec	10	261	True	True	None
361	0x5C	134	B	1	130	rec	9	256	True	True	None
361	0x5C	142	B	1	147	rec	10	261	True	True	None
361	0x5C	147	B	1	131	rec	9	256	True	True	None
361	0x5C	165	B	1	154	rec	8	275	True	False	None
361	0x5C	183	B	1	157	rec	5	287	True	False	None
361	0x5C	196	B	1	158	rec	2	283	True	False	None
361	0x5C	213	B	1	148	rec	10	261	True	True	None
361	0x5C	219	B	1	132	rec	9	256	True	True	None
361	0x5C	232	B	1	155	rec	8	275	True	False	None
361	0x5C	238	B	1	137	rec	0	268	True	True	None
361	0x5C	251	B	1	149	rec	10	261	True	True	None
361	0x5C	265	B	1	159	rec	1	302	True	True	None
361	0x5C	271	B	1	150	rec	10	261	True	True	None
361	0x5C	283	B	1	160	rec	1	302	True	True	None
361	0x5C	288	B	1	138	rec	0	268	True	True	None
361	0x5C	301	B	1	151	rec	10	261	True	True	None
361	0x5C	307	B	1	161	rec	1	302	True	True	None
361	0x5C	312	B	1	142	rec	9	256	True	True	None
361	0x5C	317	B	1	139	rec	0	268	True	True	None
361	0x5C	322	B	1	152	rec	10	261	True	True	None
361	0x5C	327	B	1	163	rec	9	256	True	True	None
361	0x5C	332	B	1	166	rec	10	261	True	True	None
361	0x5C	337	B	1	167	rec	9	256	True	True	None
361	0x5C	367	B	1	164	rec	4	288	True	False	None
361	0x5C	372	B	1	156	rec	8	275	True	False	None
361	0x5C	377	B	1	165	rec	4	288	True	False	None
361	0x5C	400	B	1	153	rec	10	261	True	True	None
361	0x5C	419	B	1	140	rec	0	268	True	True	None
361	0x5C	424	B	1	162	rec	1	302	True	True	None
362	0x0D	102	B	2	130	unowned:B	None	None	None	None	None
362	0x0D	223	B	4	133	unowned:B	None	None	None	None	None
362	0x5C	302	B	6	84	self-unowned	None	None	None	None	None
362	0x0D	392	C	1	129	rec	2	266	True	True	None
362	0x0D	444	C	2	128	rec	3	265	True	True	None
362	0x0D	527	C	4	131	rec	4	264	True	True	None
362	0x0D	536	C	4	132	rec	4	264	True	True	None
363	0x0D	194	C	1	128	rec	1	267	True	True	None
363	0x0D	266	C	1	131	rec	1	267	True	True	None
363	0x0D	335	C	1	131	rec	1	267	True	True	None
363	0x0D	371	C	2	129	rec	2	30	False	None	None
363	0x0D	383	C	2	2	rec	2	30	False	None	None
363	0x0D	419	C	3	130	rec	3	30	False	None	None
363	0x0D	431	C	3	2	rec	3	30	False	None	None
364	0x0D	99	B	1	1	unowned:B	None	None	None	None	None
364	0x0D	147	B	2	1	unowned:B	None	None	None	None	None
364	0x0D	195	B	3	1	unowned:B	None	None	None	None	None
364	0x0D	243	B	4	1	unowned:B	None	None	None	None	None
364	0x0D	291	B	5	1	unowned:B	None	None	None	None	None
364	0x0D	339	B	6	1	unowned:B	None	None	None	None	None
364	0x0D	387	B	7	1	unowned:B	None	None	None	None	None
364	0x0D	435	B	8	1	unowned:B	None	None	None	None	None
364	0x0D	483	B	9	1	unowned:B	None	None	None	None	None
364	0x0D	531	B	10	1	unowned:B	None	None	None	None	None
364	0x0D	912	C	1	128	rec	0	271	True	True	None
364	0x0D	1084	C	3	130	rec	1	274	True	True	None
364	0x0D	1169	C	3	131	rec	1	274	True	True	None
364	0x0D	1218	C	3	131	rec	1	274	True	True	None
364	0x0D	1227	C	3	132	rec	1	274	True	True	None
364	0x0D	958	C	2	129	rec	2	275	True	False	None
365	0x0D	347	C	1	132	rec	0	260	True	True	None
365	0x0D	312	C	1	131	rec	0	260	True	True	None
365	0x0D	255	C	1	130	rec	0	260	True	True	None
365	0x0D	242	C	1	129	rec	0	260	True	True	None
365	0x0D	230	C	1	128	rec	0	260	True	True	None
365	0x0D	425	C	2	133	rec	2	65	False	None	None
365	0x0D	460	F	2	9	rec	6	227	False	None	None
366	0x0D	753	C	5	145	rec	0	261	True	True	None
366	0x0D	737	C	5	144	rec	0	261	True	True	None
366	0x0D	725	C	5	143	rec	0	261	True	True	None
366	0x0D	339	C	1	132	rec	1	268	True	True	None
366	0x0D	323	C	1	131	rec	1	268	True	True	None
366	0x0D	312	C	1	130	rec	1	268	True	True	None
366	0x0D	301	C	1	129	rec	1	268	True	True	None
366	0x0D	566	C	3	146	rec	2	287	True	False	None
366	0x0D	550	C	3	142	rec	2	287	True	False	None
366	0x0D	511	C	2	139	rec	3	256	True	True	None
366	0x0D	495	C	2	138	rec	3	256	True	True	None
366	0x0D	442	C	2	137	rec	3	256	True	True	None
366	0x0D	399	C	2	135	rec	3	256	True	True	None
366	0x0D	430	C	2	136	rec	3	256	True	True	None
366	0x0D	843	C	6	141	rec	4	259	True	True	None
366	0x0D	806	C	6	140	rec	4	259	True	True	None
366	0x0D	597	C	4	128	rec	5	264	True	True	None
366	0x0D	873	C	7	133	rec	6	258	True	False	None
366	0x0D	901	C	8	134	rec	7	257	True	False	None
367	0x0D	430	C	5	128	rec	4	273	True	True	None
371	0x0D	471	C	1	128	rec	0	258	True	False	None
371	0x0D	491	C	2	129	rec	1	278	True	False	None
371	0x0D	511	C	3	130	rec	2	279	True	False	None
372	0x0D	101	B	1	133	unowned:B	None	None	None	None	None
372	0x0D	183	C	1	129	rec	0	260	True	True	None
372	0x0D	192	C	1	130	rec	0	260	True	True	None
372	0x0D	201	C	1	129	rec	0	260	True	True	None
372	0x0D	269	C	1	128	rec	0	260	True	True	None
372	0x0D	292	C	2	131	rec	1	283	True	False	None
372	0x0D	316	C	3	132	rec	2	284	True	False	None
372	0x0D	348	F	5	9	rec	8	227	False	None	None
373	0x0D	36	C	1	128	rec	0	256	True	True	None
373	0x0D	60	C	2	129	rec	1	257	True	False	None
373	0x0D	84	C	3	130	rec	2	268	True	True	None
374	0x0D	44	C	1	128	rec	0	274	True	True	None
374	0x0D	68	C	2	129	rec	1	275	True	False	None
374	0x0D	92	C	3	131	rec	2	281	True	False	None
374	0x0D	116	C	4	132	rec	3	282	True	False	None
374	0x0D	140	C	5	130	rec	4	280	True	False	None
375	0x0D	44	C	1	128	rec	0	271	True	True	None
375	0x0D	85	C	2	129	rec	1	272	True	False	None
375	0x0D	112	C	3	130	rec	2	287	True	False	None
375	0x0D	136	C	4	131	rec	3	288	True	False	None
376	0x0D	40	C	1	128	rec	0	269	True	True	None
376	0x0D	64	C	2	129	rec	1	270	True	False	None
376	0x0D	88	C	3	130	rec	2	276	True	False	None
376	0x0D	112	C	4	131	rec	3	277	True	False	None
377	0x0D	36	C	1	128	rec	0	262	True	True	None
377	0x0D	84	C	3	130	rec	1	273	True	True	None
377	0x0D	60	C	2	129	rec	2	263	True	False	None
379	0x5C	161	B	1	16	player	None	0	False	None	None
381	0x0D	156	B	2	128	unowned:B	None	None	None	None	None
381	0x0D	208	B	3	128	unowned:B	None	None	None	None	None
381	0x0D	268	B	4	128	unowned:B	None	None	None	None	None
381	0x0D	328	B	5	128	unowned:B	None	None	None	None	None
381	0x0D	380	B	6	128	unowned:B	None	None	None	None	None
381	0x0D	432	B	7	128	unowned:B	None	None	None	None	None
381	0x0D	492	B	8	128	unowned:B	None	None	None	None	None
381	0x0D	552	B	9	128	unowned:B	None	None	None	None	None
382	0x0D	881	C	13	128	rec	12	356	False	False	None
382	0x0D	1089	C	25	129	rec	24	356	False	False	None
382	0x0D	1101	C	25	131	rec	24	356	False	False	None
382	0x0D	1125	C	26	130	rec	25	347	False	False	None
383	0x0D	333	B	1	12	unowned:B	None	None	None	None	None
383	0x5C	699	B	5	151	rec	47	347	False	False	None
383	0x5C	706	B	5	152	rec	47	347	False	False	None
383	0x5C	713	B	5	153	rec	47	347	False	False	None
383	0x5C	751	B	6	151	rec	49	347	False	False	None
383	0x5C	758	B	6	152	rec	49	347	False	False	None
383	0x5C	765	B	6	153	rec	49	347	False	False	None
383	0x5C	803	B	7	151	rec	53	347	False	False	None
383	0x5C	810	B	7	152	rec	53	347	False	False	None
383	0x5C	817	B	7	153	rec	53	347	False	False	None
383	0x0D	1150	C	13	149	rec	12	347	False	False	None
383	0x0D	1208	C	17	150	rec	16	347	False	False	None
384	0x0D	330	C	1	154	rec	0	356	False	False	None
384	0x5C	339	C	1	155	rec	1	347	False	False	None
384	0x0D	346	C	1	156	rec	0	356	False	False	None
386	0x5C	268	B	2	139	rec	7	347	False	False	None
386	0x5C	275	B	2	140	rec	8	347	False	False	None
386	0x5C	282	B	2	141	rec	7	347	False	False	None
386	0x5C	290	B	2	142	rec	7	347	False	False	None
386	0x0D	525	B	4	143	unowned:B	None	None	None	None	None
386	0x0D	556	B	4	144	unowned:B	None	None	None	None	None
387	0x0D	106	C	1	129	rec	1	302	True	True	None
388	0x0D	76	B	1	139	unowned:B	None	None	None	None	None
388	0x0D	145	B	2	141	unowned:B	None	None	None	None	None
388	0x0D	194	B	2	142	unowned:B	None	None	None	None	None
388	0x0D	217	B	2	143	unowned:B	None	None	None	None	None
388	0x0D	226	B	2	144	unowned:B	None	None	None	None	None
388	0x0D	429	B	2	145	unowned:B	None	None	None	None	None
388	0x0D	439	B	2	146	unowned:B	None	None	None	None	None
388	0x0D	451	B	2	147	unowned:B	None	None	None	None	None
388	0x0D	491	B	2	148	unowned:B	None	None	None	None	None
388	0x0D	644	B	2	149	unowned:B	None	None	None	None	None
388	0x0D	687	B	2	150	unowned:B	None	None	None	None	None
388	0x0D	730	B	2	151	unowned:B	None	None	None	None	None
388	0x0D	810	B	2	152	unowned:B	None	None	None	None	None
388	0x0D	883	B	2	153	unowned:B	None	None	None	None	None
388	0x0D	900	B	2	154	unowned:B	None	None	None	None	None
388	0x0D	909	B	2	155	unowned:B	None	None	None	None	None
388	0x0D	917	B	2	156	unowned:B	None	None	None	None	None
388	0x0D	932	B	2	157	unowned:B	None	None	None	None	None
388	0x0D	955	B	2	158	unowned:B	None	None	None	None	None
388	0x0D	1061	B	2	159	unowned:B	None	None	None	None	None
388	0x0D	1070	B	2	160	unowned:B	None	None	None	None	None
388	0x0D	1150	B	2	161	unowned:B	None	None	None	None	None
389	0x0D	1642	F	11	132	rec	11	402	False	False	None
389	0x0D	1649	F	11	138	rec	11	402	False	False	None
389	0x0D	1378	C	12	137	rec	12	402	False	False	None
389	0x0D	1390	C	12	129	rec	12	402	False	False	None
389	0x0D	1403	C	12	131	rec	12	402	False	False	None
389	0x0D	1410	C	12	130	rec	12	402	False	False	None
389	0x0D	1661	F	13	133	rec	13	402	False	False	None
389	0x0D	1669	F	14	155	rec	14	402	False	False	None
389	0x0D	1677	F	15	128	rec	15	417	True	True	None
389	0x0D	1684	F	16	134	rec	16	402	False	False	None
389	0x0D	1697	F	17	135	rec	17	402	False	False	None
389	0x0D	1704	F	17	139	rec	17	402	False	False	None
390	0x0D	724	B	3	248	unowned:B	None	None	None	None	None
390	0x0D	794	F	100	151	rec	0	402	False	False	None
390	0x0D	802	F	100	153	rec	0	402	False	False	None
390	0x0D	758	F	1	152	rec	1	402	False	False	None
390	0x0D	766	F	1	154	rec	1	402	False	False	None
390	0x0D	773	F	2	128	rec	2	417	True	True	None
390	0x0D	780	F	3	136	rec	3	417	True	True	None
391	0x5C	295	B	1	147	rec	1	417	True	True	None
391	0x5C	306	B	1	148	rec	4	402	False	False	None
391	0x5C	327	B	1	150	rec	6	402	False	False	None
392	0x0D	150	B	2	249	unowned:B	None	None	None	None	None
394	0x0D	365	B	2	153	unowned:B	None	None	None	None	None
394	0x0D	351	B	2	152	unowned:B	None	None	None	None	None
394	0x0D	337	B	2	151	unowned:B	None	None	None	None	None
394	0x0D	323	B	2	150	unowned:B	None	None	None	None	None
394	0x5C	391	C	2	129	rec	2	402	False	False	None
394	0x5C	421	C	2	139	rec	2	402	False	False	None
394	0x5C	466	C	3	130	rec	3	402	False	False	None
394	0x5C	480	C	3	131	rec	3	402	False	False	None
394	0x5C	488	C	3	132	rec	3	402	False	False	None
394	0x5C	502	C	3	140	rec	3	402	False	False	None
394	0x5C	516	C	3	141	rec	3	402	False	False	None
394	0x5C	525	C	3	142	rec	3	402	False	False	None
394	0x5C	577	C	3	143	rec	7	25	False	None	None
394	0x5C	587	C	3	144	rec	3	402	False	False	None
394	0x0D	746	C	3	16	rec	3	402	False	False	None
394	0x5C	842	C	4	133	rec	4	402	False	False	None
394	0x5C	853	C	4	145	rec	4	402	False	False	None
394	0x5C	894	C	5	134	rec	5	402	False	False	None
394	0x5C	905	C	5	146	rec	5	402	False	False	None
394	0x5C	946	C	6	135	rec	6	402	False	False	None
394	0x5C	957	C	6	147	rec	6	402	False	False	None
394	0x5C	1004	C	7	128	rec	7	25	False	None	None
394	0x5C	1019	C	7	136	rec	7	25	False	None	None
394	0x5C	1030	C	7	137	rec	2	402	False	False	None
394	0x5C	1129	C	7	138	rec	7	25	False	None	None
394	0x5C	1253	F	9	148	player	None	0	False	None	None
394	0x5C	1261	F	10	149	player	None	0	False	None	None
396	0x0D	298	B	2	1	unowned:B	None	None	None	None	None
396	0x0D	307	B	2	130	unowned:B	None	None	None	None	None
396	0x0D	809	B	4	132	unowned:B	None	None	None	None	None
396	0x0D	942	B	4	149	unowned:B	None	None	None	None	None
396	0x0D	992	B	4	133	unowned:B	None	None	None	None	None
396	0x0D	1057	B	4	138	unowned:B	None	None	None	None	None
396	0x0D	1070	B	4	139	unowned:B	None	None	None	None	None
396	0x0D	1080	B	4	150	unowned:B	None	None	None	None	None
396	0x0D	1135	B	4	134	unowned:B	None	None	None	None	None
396	0x0D	1206	B	4	138	unowned:B	None	None	None	None	None
396	0x0D	1217	B	4	140	unowned:B	None	None	None	None	None
396	0x0D	1225	B	4	152	unowned:B	None	None	None	None	None
396	0x0D	1290	B	4	135	unowned:B	None	None	None	None	None
396	0x0D	1371	B	4	138	unowned:B	None	None	None	None	None
396	0x0D	1382	B	4	141	unowned:B	None	None	None	None	None
396	0x0D	1390	B	4	151	unowned:B	None	None	None	None	None
396	0x0D	1465	B	4	136	unowned:B	None	None	None	None	None
396	0x0D	1556	B	4	138	unowned:B	None	None	None	None	None
396	0x0D	1567	B	4	142	unowned:B	None	None	None	None	None
396	0x0D	1575	B	4	153	unowned:B	None	None	None	None	None
396	0x0D	1655	B	4	137	unowned:B	None	None	None	None	None
396	0x0D	1751	B	4	138	unowned:B	None	None	None	None	None
396	0x0D	1793	B	4	143	unowned:B	None	None	None	None	None
396	0x0D	2746	F	1	131	rec	4	254	False	None	None
398	0x5C	129	B	1	135	rec	0	354	True	False	None
398	0x5C	147	B	1	144	rec	0	354	True	False	None
398	0x5C	212	B	1	140	rec	0	354	True	False	None
398	0x5C	217	B	1	144	rec	0	354	True	False	None
398	0x5C	231	B	1	139	rec	0	354	True	False	None
398	0x5C	236	B	1	144	rec	0	354	True	False	None
398	0x5C	248	B	1	143	rec	0	354	True	False	None
398	0x5C	182	B	1	165	rec	0	354	True	False	None
398	0x5C	197	B	1	166	rec	0	354	True	False	None
398	0x5C	309	B	2	136	rec	0	354	True	False	None
398	0x5C	327	B	2	144	rec	0	354	True	False	None
398	0x5C	392	B	2	140	rec	0	354	True	False	None
398	0x5C	397	B	2	144	rec	0	354	True	False	None
398	0x5C	411	B	2	139	rec	0	354	True	False	None
398	0x5C	416	B	2	144	rec	0	354	True	False	None
398	0x5C	428	B	2	143	rec	0	354	True	False	None
398	0x5C	362	B	2	165	rec	0	354	True	False	None
398	0x5C	377	B	2	166	rec	0	354	True	False	None
398	0x5C	489	B	3	162	rec	0	354	True	False	None
398	0x5C	507	B	3	144	rec	0	354	True	False	None
398	0x5C	572	B	3	140	rec	0	354	True	False	None
398	0x5C	577	B	3	144	rec	0	354	True	False	None
398	0x5C	591	B	3	139	rec	0	354	True	False	None
398	0x5C	596	B	3	144	rec	0	354	True	False	None
398	0x5C	608	B	3	143	rec	0	354	True	False	None
398	0x5C	542	B	3	165	rec	0	354	True	False	None
398	0x5C	557	B	3	166	rec	0	354	True	False	None
398	0x5C	669	B	4	137	rec	0	354	True	False	None
398	0x5C	687	B	4	144	rec	0	354	True	False	None
398	0x5C	752	B	4	140	rec	0	354	True	False	None
398	0x5C	757	B	4	144	rec	0	354	True	False	None
398	0x5C	771	B	4	139	rec	0	354	True	False	None
398	0x5C	776	B	4	144	rec	0	354	True	False	None
398	0x5C	788	B	4	143	rec	0	354	True	False	None
398	0x5C	722	B	4	165	rec	0	354	True	False	None
398	0x5C	737	B	4	166	rec	0	354	True	False	None
398	0x5C	864	B	5	145	rec	0	354	True	False	None
398	0x5C	882	B	5	144	rec	0	354	True	False	None
398	0x5C	947	B	5	140	rec	0	354	True	False	None
398	0x5C	952	B	5	144	rec	0	354	True	False	None
398	0x5C	966	B	5	139	rec	0	354	True	False	None
398	0x5C	971	B	5	144	rec	0	354	True	False	None
398	0x5C	987	B	5	163	player	None	0	False	None	None
398	0x5C	1003	B	5	143	rec	0	354	True	False	None
398	0x5C	917	B	5	165	rec	0	354	True	False	None
398	0x5C	932	B	5	166	rec	0	354	True	False	None
398	0x5C	1084	B	6	146	rec	0	354	True	False	None
398	0x5C	1102	B	6	144	rec	0	354	True	False	None
398	0x5C	1167	B	6	140	rec	0	354	True	False	None
398	0x5C	1172	B	6	144	rec	0	354	True	False	None
398	0x5C	1189	B	6	164	player	None	0	False	None	None
398	0x5C	1207	B	6	143	rec	0	354	True	False	None
398	0x5C	1215	B	6	148	rec	0	354	True	False	None
398	0x5C	1137	B	6	165	rec	0	354	True	False	None
398	0x5C	1152	B	6	166	rec	0	354	True	False	None
398	0x5C	1292	B	7	147	rec	0	354	True	False	None
398	0x5C	1310	B	7	144	rec	0	354	True	False	None
398	0x5C	1375	B	7	140	rec	0	354	True	False	None
398	0x5C	1380	B	7	144	rec	0	354	True	False	None
398	0x5C	1394	B	7	139	rec	0	354	True	False	None
398	0x5C	1399	B	7	144	rec	0	354	True	False	None
398	0x5C	1411	B	7	143	rec	0	354	True	False	None
398	0x5C	1345	B	7	165	rec	0	354	True	False	None
398	0x5C	1360	B	7	166	rec	0	354	True	False	None
398	0x5C	1471	B	8	132	rec	0	354	True	False	None
398	0x0D	1700	C	2	129	rec	0	354	True	False	None
398	0x0D	1865	C	2	130	rec	0	354	True	False	None
398	0x0D	1877	C	2	131	rec	0	354	True	False	None
398	0x0D	1886	C	2	133	rec	0	354	True	False	None
398	0x0D	2137	C	2	153	rec	0	354	True	False	None
398	0x0D	2166	C	2	154	rec	0	354	True	False	None
398	0x0D	2182	C	2	155	rec	0	354	True	False	None
398	0x0D	2201	C	2	154	rec	0	354	True	False	None
398	0x0D	2220	C	2	140	rec	0	354	True	False	None
398	0x5C	2236	C	2	158	player	None	0	False	None	None
398	0x0D	2245	C	2	156	rec	0	354	True	False	None
398	0x0D	2324	C	2	157	rec	0	354	True	False	None
398	0x5C	2338	C	2	159	player	None	0	False	None	None
398	0x0D	2231	C	2	134	rec	0	354	True	False	None
398	0x0D	1901	C	2	160	rec	0	354	True	False	None
398	0x0D	1754	C	2	128	rec	0	354	True	False	None
398	0x0D	1792	C	2	129	rec	0	354	True	False	None
398	0x0D	2009	C	2	149	rec	0	354	True	False	None
398	0x0D	2017	C	2	150	rec	0	354	True	False	None
398	0x0D	2023	C	2	151	rec	0	354	True	False	None
398	0x0D	2045	C	2	160	rec	0	354	True	False	None
398	0x0D	2121	C	2	129	rec	0	354	True	False	None
398	0x0D	2041	C	2	152	rec	0	354	True	False	None
399	0x5C	391	B	1	132	player	None	0	False	None	None
400	0x0D	115	B	1	140	unowned:B	None	None	None	None	None
400	0x0D	211	B	2	139	unowned:B	None	None	None	None	None
407	0x0D	212	F	1	34	rec	0	254	False	None	None
407	0x0D	216	F	2	19	rec	1	254	False	None	None
411	0x0D	525	B	1	1	unowned:B	None	None	None	None	None
411	0x0D	673	B	3	186	unowned:B	None	None	None	None	None
411	0x5C	2047	B	3	210	player	None	0	False	None	None
411	0x0D	784	B	3	211	unowned:B	None	None	None	None	None
411	0x0D	840	B	3	212	unowned:B	None	None	None	None	None
411	0xC4	845	B	3	187	player	None	0	False	None	366
411	0x0D	1053	B	4	12	unowned:B	None	None	None	None	None
411	0x0D	1161	B	5	12	unowned:B	None	None	None	None	None
411	0x0D	1274	B	6	209	unowned:B	None	None	None	None	None
411	0x0D	1993	B	11	12	unowned:B	None	None	None	None	None
411	0x0D	3060	F	47	208	rec	47	254	False	None	None
415	0x5C	154	C	2	144	rec	1	418	True	True	None
415	0x5C	162	C	2	145	rec	1	418	True	True	None
415	0x5C	172	C	2	146	rec	1	418	True	True	None
417	0x5C	29	B	1	140	rec	0	262	True	True	None
418	0x5C	31	B	1	141	rec	0	287	True	False	None
419	0x5C	37	B	1	142	rec	1	260	True	True	None
420	0x5C	40	B	1	143	rec	0	285	True	True	None
421	0x0D	634	B	2	129	unowned:B	None	None	None	None	None
421	0x0D	661	B	2	130	unowned:B	None	None	None	None	None
421	0x0D	1529	C	13	131	rec	13	377	False	False	None
421	0x0D	1771	C	24	12	rec	24	370	False	False	None
421	0x0D	1822	C	28	190	rec	28	377	False	False	None
422	0x5C	292	B	1	191	rec	31	377	False	False	None
422	0x0D	2348	F	1	134	rec	1	254	False	None	None
422	0x0D	2220	C	27	132	rec	27	377	False	False	None
422	0x0D	2232	C	27	133	rec	27	377	False	False	None
423	0x0D	349	C	1	136	rec	1	377	False	False	None
423	0x0D	565	C	1	137	rec	1	377	False	False	None
423	0x0D	1344	F	27	135	rec	27	254	False	None	None
424	0x0D	501	B	6	98	unowned:B	None	None	None	None	None
424	0x0D	873	C	8	187	rec	8	377	False	False	None
424	0x0D	974	C	12	138	rec	12	377	False	False	None
424	0x0D	1563	C	22	188	rec	22	377	False	False	None
426	0x5C	352	B	2	170	rec	3	386	False	False	None
426	0x5C	407	B	2	171	rec	3	386	False	False	None
426	0x5C	509	B	3	172	rec	3	386	False	False	None
426	0x5C	571	B	3	173	rec	3	386	False	False	None
426	0x0D	770	B	4	175	unowned:B	None	None	None	None	None
426	0x0D	1822	C	18	174	rec	18	377	False	False	None
426	0x0D	2374	F	19	1	rec	19	326	False	False	None
426	0x0D	1926	C	20	182	rec	20	377	False	False	None
426	0x0D	2249	C	28	189	rec	28	377	False	False	None
426	0x0D	2400	F	33	169	rec	33	254	False	None	None
426	0x0D	2410	F	40	1	rec	40	325	False	False	None
426	0x0D	2428	F	46	128	rec	46	254	False	None	None
432	0x0D	75	B	1	165	unowned:B	None	None	None	None	None
432	0x5C	108	B	1	198	player	None	0	False	None	None
432	0x5C	135	B	1	160	rec	0	285	True	True	None
432	0x5C	166	B	1	166	rec	0	285	True	True	None
432	0x5C	235	B	2	163	rec	3	509	True	True	None
432	0x5C	267	B	2	173	rec	0	285	True	True	None
432	0xC4	331	B	2	164	self-unowned	None	None	None	None	285
432	0x0D	368	C	1	159	rec	0	285	True	True	None
432	0x5C	379	C	1	169	player	None	0	False	None	None
432	0x0D	400	C	1	170	rec	0	285	True	True	None
432	0x0D	408	C	1	164	rec	0	285	True	True	None
432	0x0D	418	C	1	168	rec	0	285	True	True	None
432	0x5C	473	C	4	161	rec	3	509	True	True	None
432	0x0D	491	C	4	162	rec	3	509	True	True	None
432	0x0D	495	C	4	171	rec	3	509	True	True	None
433	0x0D	222	B	2	106	unowned:B	None	None	None	None	None
434	0x0D	218	B	1	1	unowned:B	None	None	None	None	None
434	0x0D	324	B	2	1	unowned:B	None	None	None	None	None
434	0x0D	444	B	3	1	unowned:B	None	None	None	None	None
434	0x0D	554	B	5	1	unowned:B	None	None	None	None	None
435	0x5C	218	B	1	128	rec	2	276	True	False	None
435	0x5C	371	B	1	132	player	None	0	False	None	None
435	0x0D	147	B	1	131	unowned:B	None	None	None	None	None
435	0x5C	161	B	1	129	rec	2	276	True	False	None
435	0x5C	171	B	1	130	rec	2	276	True	False	None
436	0x5C	214	B	1	128	rec	2	276	True	False	None
436	0x5C	343	B	1	132	player	None	0	False	None	None
436	0x0D	143	B	1	131	unowned:B	None	None	None	None	None
436	0x5C	157	B	1	129	rec	2	276	True	False	None
436	0x5C	167	B	1	130	rec	2	276	True	False	None
437	0x5C	214	B	1	128	rec	2	276	True	False	None
437	0x5C	355	B	1	132	player	None	0	False	None	None
437	0x0D	143	B	1	131	unowned:B	None	None	None	None	None
437	0x5C	157	B	1	129	rec	2	276	True	False	None
437	0x5C	167	B	1	130	rec	2	276	True	False	None
438	0x5C	217	B	1	128	rec	2	276	True	False	None
438	0x5C	359	B	1	132	player	None	0	False	None	None
438	0x0D	147	B	1	131	unowned:B	None	None	None	None	None
438	0x5C	163	B	1	129	rec	2	276	True	False	None
438	0x5C	173	B	1	130	rec	2	276	True	False	None
439	0x5C	1594	B	13	184	rec	17	378	True	True	None
439	0x5C	1601	B	13	185	rec	18	377	False	False	None
439	0x5C	1612	B	13	186	rec	19	377	False	False	None
439	0x5C	1928	B	14	180	rec	20	378	True	True	None
439	0x0D	2074	B	19	1	unowned:B	None	None	None	None	None
439	0x5C	2412	B	20	162	player	None	0	False	None	None
439	0x5C	2268	B	20	163	rec	29	378	True	True	None
439	0x5C	2437	B	20	164	player	None	0	False	None	None
439	0x5C	2282	B	20	165	rec	29	378	True	True	None
439	0x5C	2319	B	20	166	rec	32	377	False	False	None
439	0x5C	2324	B	20	167	self-unowned	None	None	None	None	None
439	0x5C	3027	C	20	177	rec	20	378	True	True	None
439	0x5C	3039	C	21	178	rec	21	377	False	False	None
439	0x5C	3147	C	22	179	rec	22	377	False	False	None
440	0x0D	869	C	1	133	rec	0	25	False	None	None
440	0x0D	904	C	1	133	rec	0	25	False	None	None
440	0x0D	947	C	1	133	rec	0	25	False	None	None
440	0x0D	985	C	1	133	rec	0	25	False	None	None
440	0x0D	1021	C	1	133	rec	0	25	False	None	None
440	0x0D	1359	C	6	138	rec	18	349	True	True	None
440	0x0D	1458	C	6	139	rec	18	349	True	True	None
440	0x0D	1464	C	6	140	rec	18	349	True	True	None
440	0x0D	1470	C	6	141	rec	18	349	True	True	None
440	0x0D	2307	C	25	128	rec	24	349	True	True	None
440	0x0D	2327	C	25	129	rec	24	349	True	True	None
440	0x0D	2342	C	25	130	rec	24	349	True	True	None
440	0x0D	2348	C	25	131	rec	24	349	True	True	None
440	0x0D	2369	C	25	132	rec	24	349	True	True	None
440	0x0D	2453	C	25	137	rec	24	349	True	True	None
440	0x0D	2419	C	25	134	rec	24	349	True	True	None
440	0x0D	2428	C	25	135	rec	24	349	True	True	None
440	0x0D	2432	C	25	136	rec	24	349	True	True	None
443	0x0D	297	B	3	103	unowned:B	None	None	None	None	None
443	0x0D	1492	F	32	155	rec	32	254	False	None	None
445	0x0D	410	F	21	1	rec	21	324	False	False	None
446	0x0D	505	B	3	149	unowned:B	None	None	None	None	None
446	0x0D	493	B	3	148	unowned:B	None	None	None	None	None
446	0x0D	1145	F	8	150	rec	8	370	False	False	None
446	0x0D	1150	F	8	151	rec	8	370	False	False	None
446	0x0D	1156	F	9	152	rec	9	326	False	False	None
448	0x0D	287	C	2	154	rec	2	370	False	False	None
448	0x0D	366	C	2	12	rec	2	370	False	False	None
448	0x0D	384	C	2	153	rec	2	370	False	False	None
449	0x0D	95	B	1	130	unowned:B	None	None	None	None	None
449	0x5C	207	B	1	131	player	None	0	False	None	None
449	0x0D	267	C	2	129	rec	1	274	True	True	None
451	0x0D	381	C	1	139	rec	1	493	True	False	None
451	0x0D	405	C	2	140	rec	2	493	True	False	None
451	0x0D	411	C	2	141	rec	2	493	True	False	None
451	0x0D	421	C	2	142	rec	2	493	True	False	None
451	0x5C	479	C	4	143	rec	2	493	True	False	None
451	0x5C	489	C	4	144	rec	4	509	True	True	None
451	0x0D	594	C	4	145	rec	4	509	True	True	None
451	0x0D	606	C	4	146	rec	4	509	True	True	None
451	0x0D	618	C	4	147	rec	4	509	True	True	None
451	0x0D	676	C	4	148	rec	4	509	True	True	None
451	0x0D	821	C	5	149	rec	5	377	False	False	None
451	0x0D	913	C	6	150	rec	6	377	False	False	None
451	0x0D	1005	C	7	151	rec	7	377	False	False	None
451	0x0D	1097	C	8	152	rec	8	377	False	False	None
451	0x5C	1163	C	9	153	rec	2	493	True	False	None
451	0x5C	1182	C	9	154	rec	9	378	True	True	None
451	0x5C	1189	C	9	155	rec	2	493	True	False	None
451	0x5C	1197	C	9	156	rec	9	378	True	True	None
451	0x5C	1205	C	9	157	rec	2	493	True	False	None
451	0x5C	1236	C	9	158	rec	2	493	True	False	None
451	0x5C	1249	C	9	159	rec	2	493	True	False	None
451	0x5C	1256	C	9	160	rec	9	378	True	True	None
451	0x5C	1322	C	9	161	rec	2	493	True	False	None
452	0x0D	201	B	2	12	unowned:B	None	None	None	None	None
452	0x0D	327	B	3	13	unowned:B	None	None	None	None	None
453	0x0D	201	B	2	12	unowned:B	None	None	None	None	None
453	0x0D	327	B	3	13	unowned:B	None	None	None	None	None
454	0x0D	201	B	2	12	unowned:B	None	None	None	None	None
454	0x0D	327	B	3	13	unowned:B	None	None	None	None	None
455	0x0D	201	B	2	12	unowned:B	None	None	None	None	None
455	0x0D	327	B	3	13	unowned:B	None	None	None	None	None
456	0x0D	201	B	2	12	unowned:B	None	None	None	None	None
456	0x0D	327	B	3	13	unowned:B	None	None	None	None	None
457	0x0D	201	B	2	12	unowned:B	None	None	None	None	None
457	0x0D	327	B	3	13	unowned:B	None	None	None	None	None
458	0x0D	201	B	2	12	unowned:B	None	None	None	None	None
458	0x0D	327	B	3	13	unowned:B	None	None	None	None	None
459	0x0D	201	B	2	12	unowned:B	None	None	None	None	None
459	0x0D	327	B	3	13	unowned:B	None	None	None	None	None
460	0x0D	201	B	2	12	unowned:B	None	None	None	None	None
460	0x0D	327	B	3	13	unowned:B	None	None	None	None	None
461	0x0D	201	B	2	12	unowned:B	None	None	None	None	None
461	0x0D	327	B	3	13	unowned:B	None	None	None	None	None
462	0x0D	201	B	2	12	unowned:B	None	None	None	None	None
462	0x0D	327	B	3	13	unowned:B	None	None	None	None	None
463	0x0D	201	B	2	12	unowned:B	None	None	None	None	None
463	0x0D	327	B	3	13	unowned:B	None	None	None	None	None
464	0x0D	201	B	2	12	unowned:B	None	None	None	None	None
464	0x0D	327	B	3	13	unowned:B	None	None	None	None	None
465	0x0D	201	B	2	12	unowned:B	None	None	None	None	None
465	0x0D	327	B	3	13	unowned:B	None	None	None	None	None
466	0x0D	201	B	2	12	unowned:B	None	None	None	None	None
466	0x0D	327	B	3	13	unowned:B	None	None	None	None	None
467	0x0D	201	B	2	12	unowned:B	None	None	None	None	None
467	0x0D	327	B	3	13	unowned:B	None	None	None	None	None
468	0x0D	201	B	2	12	unowned:B	None	None	None	None	None
468	0x0D	327	B	3	13	unowned:B	None	None	None	None	None
469	0x0D	201	B	2	12	unowned:B	None	None	None	None	None
469	0x0D	327	B	3	13	unowned:B	None	None	None	None	None
470	0x0D	201	B	2	12	unowned:B	None	None	None	None	None
470	0x0D	327	B	3	13	unowned:B	None	None	None	None	None
472	0x0D	91	B	1	183	unowned:B	None	None	None	None	None
472	0x0D	139	B	2	177	unowned:B	None	None	None	None	None
472	0x0D	148	B	2	210	unowned:B	None	None	None	None	None
472	0x0D	296	B	5	188	unowned:B	None	None	None	None	None
472	0x0D	313	B	5	187	unowned:B	None	None	None	None	None
472	0x0D	387	B	5	175	unowned:B	None	None	None	None	None
472	0x0D	412	B	6	203	unowned:B	None	None	None	None	None
472	0x0D	436	B	6	189	unowned:B	None	None	None	None	None
472	0x0D	446	B	6	190	unowned:B	None	None	None	None	None
472	0x0D	513	B	6	191	unowned:B	None	None	None	None	None
472	0x0D	517	B	6	192	unowned:B	None	None	None	None	None
472	0x0D	521	B	6	197	unowned:B	None	None	None	None	None
472	0x0D	546	B	6	198	unowned:B	None	None	None	None	None
472	0x0D	572	B	7	204	unowned:B	None	None	None	None	None
472	0x0D	596	B	7	189	unowned:B	None	None	None	None	None
472	0x0D	606	B	7	190	unowned:B	None	None	None	None	None
472	0x0D	673	B	7	191	unowned:B	None	None	None	None	None
472	0x0D	677	B	7	193	unowned:B	None	None	None	None	None
472	0x0D	681	B	7	197	unowned:B	None	None	None	None	None
472	0x0D	706	B	7	199	unowned:B	None	None	None	None	None
472	0x0D	732	B	8	205	unowned:B	None	None	None	None	None
472	0x0D	756	B	8	189	unowned:B	None	None	None	None	None
472	0x0D	766	B	8	190	unowned:B	None	None	None	None	None
472	0x0D	833	B	8	191	unowned:B	None	None	None	None	None
472	0x0D	837	B	8	194	unowned:B	None	None	None	None	None
472	0x0D	841	B	8	197	unowned:B	None	None	None	None	None
472	0x0D	866	B	8	200	unowned:B	None	None	None	None	None
472	0x0D	892	B	9	206	unowned:B	None	None	None	None	None
472	0x0D	916	B	9	189	unowned:B	None	None	None	None	None
472	0x0D	926	B	9	190	unowned:B	None	None	None	None	None
472	0x0D	993	B	9	191	unowned:B	None	None	None	None	None
472	0x0D	997	B	9	195	unowned:B	None	None	None	None	None
472	0x0D	1001	B	9	197	unowned:B	None	None	None	None	None
472	0x0D	1026	B	9	201	unowned:B	None	None	None	None	None
472	0x0D	1052	B	10	207	unowned:B	None	None	None	None	None
472	0x0D	1076	B	10	189	unowned:B	None	None	None	None	None
472	0x0D	1086	B	10	190	unowned:B	None	None	None	None	None
472	0x0D	1160	B	10	209	unowned:B	None	None	None	None	None
472	0x0D	1169	B	10	152	unowned:B	None	None	None	None	None
472	0x0D	1205	B	10	191	unowned:B	None	None	None	None	None
472	0x0D	1209	B	10	196	unowned:B	None	None	None	None	None
472	0x0D	1219	B	10	208	unowned:B	None	None	None	None	None
472	0x0D	1230	B	10	149	unowned:B	None	None	None	None	None
472	0x0D	1275	B	10	202	unowned:B	None	None	None	None	None
472	0x5C	1304	C	1	184	player	None	0	False	None	None
472	0x5C	1321	C	1	185	player	None	0	False	None	None
472	0x5C	1335	C	1	186	player	None	0	False	None	None
472	0x5C	1345	C	1	175	player	None	0	False	None	None
473	0x0D	172	B	1	133	unowned:B	None	None	None	None	None
473	0x0D	184	B	1	132	unowned:B	None	None	None	None	None
473	0x5C	297	B	1	151	player	None	0	False	None	None
473	0x0D	337	B	2	128	unowned:B	None	None	None	None	None
473	0x0D	444	B	5	134	unowned:B	None	None	None	None	None
473	0x5C	488	B	5	139	player	None	0	False	None	None
473	0x5C	498	B	5	140	player	None	0	False	None	None
473	0x5C	613	B	5	141	player	None	0	False	None	None
473	0x5C	618	B	5	142	player	None	0	False	None	None
473	0x5C	624	B	5	147	player	None	0	False	None	None
473	0x5C	648	B	5	142	player	None	0	False	None	None
473	0x0D	668	B	6	135	unowned:B	None	None	None	None	None
473	0x5C	708	B	6	139	player	None	0	False	None	None
473	0x5C	718	B	6	140	player	None	0	False	None	None
473	0x5C	833	B	6	141	player	None	0	False	None	None
473	0x5C	838	B	6	143	player	None	0	False	None	None
473	0x5C	844	B	6	147	player	None	0	False	None	None
473	0x5C	868	B	6	143	player	None	0	False	None	None
473	0x0D	884	B	7	136	unowned:B	None	None	None	None	None
473	0x5C	924	B	7	139	player	None	0	False	None	None
473	0x5C	934	B	7	140	player	None	0	False	None	None
473	0x5C	1049	B	7	141	player	None	0	False	None	None
473	0x5C	1054	B	7	144	player	None	0	False	None	None
473	0x5C	1060	B	7	147	player	None	0	False	None	None
473	0x5C	1084	B	7	144	player	None	0	False	None	None
473	0x0D	1100	B	8	137	unowned:B	None	None	None	None	None
473	0x5C	1140	B	8	139	player	None	0	False	None	None
473	0x5C	1150	B	8	140	player	None	0	False	None	None
473	0x5C	1265	B	8	141	player	None	0	False	None	None
473	0x5C	1270	B	8	145	player	None	0	False	None	None
473	0x5C	1276	B	8	147	player	None	0	False	None	None
473	0x5C	1300	B	8	145	player	None	0	False	None	None
473	0x0D	1316	B	9	138	unowned:B	None	None	None	None	None
473	0x5C	1356	B	9	139	player	None	0	False	None	None
473	0x5C	1366	B	9	140	player	None	0	False	None	None
473	0x5C	1486	B	9	150	player	None	0	False	None	None
473	0x0D	1496	B	9	152	unowned:B	None	None	None	None	None
473	0x5C	1532	B	9	141	player	None	0	False	None	None
473	0x5C	1537	B	9	146	player	None	0	False	None	None
473	0x5C	1548	B	9	148	player	None	0	False	None	None
473	0x5C	1560	B	9	149	player	None	0	False	None	None
473	0x5C	1606	B	9	146	player	None	0	False	None	None
473	0x0D	1659	B	10	177	unowned:B	None	None	None	None	None
473	0x0D	1668	B	10	211	unowned:B	None	None	None	None	None
473	0x5C	1691	C	5	129	player	None	0	False	None	None
473	0x5C	1708	C	5	130	player	None	0	False	None	None
473	0x5C	1722	C	5	131	player	None	0	False	None	None
473	0x5C	1737	C	5	151	player	None	0	False	None	None
474	0x0D	95	B	1	153	unowned:B	None	None	None	None	None
474	0x0D	143	B	2	177	unowned:B	None	None	None	None	None
474	0x0D	152	B	2	176	unowned:B	None	None	None	None	None
474	0x0D	300	B	5	158	unowned:B	None	None	None	None	None
474	0x0D	317	B	5	157	unowned:B	None	None	None	None	None
474	0x0D	391	B	5	175	unowned:B	None	None	None	None	None
474	0x0D	407	B	6	159	unowned:B	None	None	None	None	None
474	0x0D	431	B	6	164	unowned:B	None	None	None	None	None
474	0x0D	498	B	6	165	unowned:B	None	None	None	None	None
474	0x0D	502	B	6	166	unowned:B	None	None	None	None	None
474	0x0D	506	B	6	170	unowned:B	None	None	None	None	None
474	0x0D	531	B	6	178	unowned:B	None	None	None	None	None
474	0x0D	547	B	7	159	unowned:B	None	None	None	None	None
474	0x0D	571	B	7	164	unowned:B	None	None	None	None	None
474	0x0D	638	B	7	165	unowned:B	None	None	None	None	None
474	0x0D	642	B	7	167	unowned:B	None	None	None	None	None
474	0x0D	646	B	7	170	unowned:B	None	None	None	None	None
474	0x0D	671	B	7	179	unowned:B	None	None	None	None	None
474	0x0D	687	B	8	159	unowned:B	None	None	None	None	None
474	0x0D	711	B	8	164	unowned:B	None	None	None	None	None
474	0x0D	778	B	8	165	unowned:B	None	None	None	None	None
474	0x0D	782	B	8	168	unowned:B	None	None	None	None	None
474	0x0D	786	B	8	170	unowned:B	None	None	None	None	None
474	0x0D	811	B	8	180	unowned:B	None	None	None	None	None
474	0x0D	827	B	9	159	unowned:B	None	None	None	None	None
474	0x0D	851	B	9	164	unowned:B	None	None	None	None	None
474	0x0D	918	B	9	165	unowned:B	None	None	None	None	None
474	0x0D	922	B	9	169	unowned:B	None	None	None	None	None
474	0x0D	926	B	9	170	unowned:B	None	None	None	None	None
474	0x0D	951	B	9	181	unowned:B	None	None	None	None	None
474	0x0D	967	B	10	159	unowned:B	None	None	None	None	None
474	0x0D	991	B	10	164	unowned:B	None	None	None	None	None
474	0x0D	1068	B	10	174	unowned:B	None	None	None	None	None
474	0x0D	1077	B	10	152	unowned:B	None	None	None	None	None
474	0x0D	1109	B	10	171	unowned:B	None	None	None	None	None
474	0x0D	1119	B	10	172	unowned:B	None	None	None	None	None
474	0x0D	1131	B	10	173	unowned:B	None	None	None	None	None
474	0x0D	1175	B	10	182	unowned:B	None	None	None	None	None
474	0x5C	1222	C	1	160	player	None	0	False	None	None
474	0x5C	1239	C	1	163	player	None	0	False	None	None
474	0x5C	1322	C	2	161	player	None	0	False	None	None
474	0x5C	1339	C	2	163	player	None	0	False	None	None
474	0x5C	1422	C	3	162	player	None	0	False	None	None
474	0x5C	1439	C	3	163	player	None	0	False	None	None
474	0x5C	1504	C	4	154	player	None	0	False	None	None
474	0x5C	1521	C	4	155	player	None	0	False	None	None
474	0x5C	1535	C	4	156	player	None	0	False	None	None
474	0x5C	1545	C	4	175	player	None	0	False	None	None
475	0x5C	145	B	2	141	rec	1	259	True	True	None
475	0x5C	373	B	2	137	rec	1	259	True	True	None
475	0x5C	507	B	2	16	player	None	0	False	None	None
475	0x5C	514	B	2	139	rec	1	259	True	True	None
475	0x5C	169	B	2	131	rec	1	259	True	True	None
475	0x5C	228	B	2	134	rec	1	259	True	True	None
475	0x5C	248	B	2	135	rec	1	259	True	True	None
475	0x5C	266	B	2	140	rec	1	259	True	True	None
475	0x5C	278	B	2	136	rec	1	259	True	True	None
475	0x5C	699	B	5	148	rec	1	259	True	True	None
475	0x5C	710	B	5	196	rec	1	259	True	True	None
475	0x5C	721	B	5	150	rec	1	259	True	True	None
475	0x5C	732	B	5	152	rec	1	259	True	True	None
475	0x5C	743	B	5	192	rec	1	259	True	True	None
475	0x5C	754	B	5	154	rec	1	259	True	True	None
475	0x5C	765	B	5	198	rec	1	259	True	True	None
475	0x5C	776	B	5	194	rec	1	259	True	True	None
475	0x5C	787	B	5	156	rec	1	259	True	True	None
475	0x5C	798	B	5	158	rec	1	259	True	True	None
475	0x5C	809	B	5	160	rec	1	259	True	True	None
475	0x5C	820	B	5	162	rec	1	259	True	True	None
475	0x5C	831	B	5	166	rec	1	259	True	True	None
475	0x5C	842	B	5	168	rec	1	259	True	True	None
475	0x5C	853	B	5	200	rec	1	259	True	True	None
475	0x5C	864	B	5	170	rec	1	259	True	True	None
475	0x5C	875	B	5	172	rec	1	259	True	True	None
475	0x5C	886	B	5	202	rec	1	259	True	True	None
475	0x5C	897	B	5	176	rec	1	259	True	True	None
475	0x5C	908	B	5	178	rec	1	259	True	True	None
475	0x5C	919	B	5	180	rec	1	259	True	True	None
475	0x5C	930	B	5	182	rec	1	259	True	True	None
475	0x5C	941	B	5	204	rec	1	259	True	True	None
475	0x5C	952	B	5	184	rec	1	259	True	True	None
475	0x5C	963	B	5	186	rec	1	259	True	True	None
475	0x5C	974	B	5	188	rec	1	259	True	True	None
475	0x5C	1141	B	6	149	player	None	0	False	None	None
475	0x5C	1163	B	6	197	player	None	0	False	None	None
475	0x5C	1185	B	6	151	player	None	0	False	None	None
475	0x5C	1207	B	6	153	player	None	0	False	None	None
475	0x5C	1229	B	6	193	player	None	0	False	None	None
475	0x5C	1251	B	6	155	player	None	0	False	None	None
475	0x5C	1273	B	6	199	player	None	0	False	None	None
475	0x5C	1295	B	6	195	player	None	0	False	None	None
475	0x5C	1317	B	6	157	player	None	0	False	None	None
475	0x5C	1339	B	6	159	player	None	0	False	None	None
475	0x5C	1361	B	6	161	player	None	0	False	None	None
475	0x5C	1383	B	6	163	player	None	0	False	None	None
475	0x5C	1405	B	6	167	player	None	0	False	None	None
475	0x5C	1427	B	6	169	player	None	0	False	None	None
475	0x5C	1449	B	6	201	player	None	0	False	None	None
475	0x5C	1471	B	6	171	player	None	0	False	None	None
475	0x5C	1493	B	6	173	player	None	0	False	None	None
475	0x5C	1515	B	6	203	player	None	0	False	None	None
475	0x5C	1537	B	6	177	player	None	0	False	None	None
475	0x5C	1559	B	6	179	player	None	0	False	None	None
475	0x5C	1581	B	6	181	player	None	0	False	None	None
475	0x5C	1603	B	6	183	player	None	0	False	None	None
475	0x5C	1625	B	6	205	player	None	0	False	None	None
475	0x5C	1647	B	6	185	player	None	0	False	None	None
475	0x5C	1669	B	6	187	player	None	0	False	None	None
475	0x5C	1691	B	6	189	player	None	0	False	None	None
475	0x0D	1768	C	1	142	rec	1	259	True	True	None
475	0x0D	1780	C	1	129	rec	1	259	True	True	None
476	0xC4	622	B	4	229	self-unowned	None	None	None	None	444
476	0xC4	632	B	4	230	self-unowned	None	None	None	None	444
476	0xC4	739	B	4	231	self-unowned	None	None	None	None	444
476	0xC4	786	B	5	232	self-unowned	None	None	None	None	444
476	0x5C	810	B	5	233	rec	0	426	True	False	None
476	0xC4	820	B	5	234	self-unowned	None	None	None	None	444
476	0x5C	832	B	5	235	rec	0	426	True	False	None
476	0xC4	842	B	5	236	self-unowned	None	None	None	None	444
476	0x5C	854	B	5	237	rec	0	426	True	False	None
476	0xC4	873	B	5	238	self-unowned	None	None	None	None	444
476	0x5C	974	B	5	239	rec	0	426	True	False	None
479	0x0D	106	B	1	48	unowned:B	None	None	None	None	None
479	0x0D	148	B	1	55	unowned:B	None	None	None	None	None
479	0x0D	163	B	1	62	unowned:B	None	None	None	None	None
479	0x0D	218	B	2	49	unowned:B	None	None	None	None	None
479	0x0D	260	B	2	56	unowned:B	None	None	None	None	None
479	0x0D	275	B	2	63	unowned:B	None	None	None	None	None
479	0x0D	330	B	3	50	unowned:B	None	None	None	None	None
479	0x0D	372	B	3	57	unowned:B	None	None	None	None	None
479	0x0D	387	B	3	64	unowned:B	None	None	None	None	None
479	0x0D	442	B	4	51	unowned:B	None	None	None	None	None
479	0x0D	484	B	4	58	unowned:B	None	None	None	None	None
479	0x0D	499	B	4	65	unowned:B	None	None	None	None	None
479	0x0D	554	B	5	52	unowned:B	None	None	None	None	None
479	0x0D	596	B	5	59	unowned:B	None	None	None	None	None
479	0x0D	611	B	5	66	unowned:B	None	None	None	None	None
479	0x0D	666	B	6	53	unowned:B	None	None	None	None	None
479	0x0D	708	B	6	60	unowned:B	None	None	None	None	None
479	0x0D	723	B	6	67	unowned:B	None	None	None	None	None
479	0x0D	778	B	7	54	unowned:B	None	None	None	None	None
479	0x0D	820	B	7	61	unowned:B	None	None	None	None	None
479	0x0D	835	B	7	68	unowned:B	None	None	None	None	None
481	0x5C	585	C	3	128	rec	3	263	True	False	None
481	0x5C	690	C	3	129	rec	3	263	True	False	None
482	0x5C	111	B	1	149	rec	4	278	True	False	None
482	0x5C	131	B	1	150	rec	5	281	True	False	None
482	0x5C	163	B	1	151	rec	4	278	True	False	None
482	0x5C	171	B	1	152	rec	5	281	True	False	None
482	0x5C	207	B	1	153	rec	6	279	True	False	None
482	0x5C	230	B	2	154	rec	5	281	True	False	None
482	0x5C	248	B	2	155	rec	5	281	True	False	None
482	0x5C	274	B	2	156	rec	0	268	True	True	None
482	0x5C	282	B	2	157	rec	5	281	True	False	None
482	0x5C	288	B	2	158	rec	0	268	True	True	None
482	0x5C	305	B	2	159	rec	0	268	True	True	None
482	0x5C	331	B	2	160	rec	14	302	True	True	None
482	0x5C	340	B	2	161	rec	14	302	True	True	None
482	0x5C	366	B	2	162	rec	9	283	True	False	None
482	0x5C	421	B	2	163	rec	13	259	True	True	None
482	0x5C	442	B	3	164	rec	14	302	True	True	None
482	0x5C	468	B	3	165	rec	8	275	True	False	None
482	0x5C	490	B	3	166	rec	2	257	True	False	None
482	0x5C	512	B	3	167	rec	12	287	True	False	None
482	0x5C	541	B	3	168	rec	1	256	True	True	None
482	0x5C	549	B	3	169	rec	3	258	True	False	None
482	0x5C	571	B	3	170	rec	11	288	True	False	None
482	0x5C	737	B	3	171	rec	9	283	True	False	None
482	0x5C	747	B	3	185	rec	9	283	True	False	None
482	0x5C	596	B	3	184	rec	13	259	True	True	None
482	0x5C	605	B	3	172	rec	5	281	True	False	None
482	0x5C	614	B	3	173	rec	4	278	True	False	None
482	0x5C	623	B	3	174	rec	6	279	True	False	None
482	0x5C	645	B	3	175	rec	10	284	True	False	None
482	0x5C	667	B	3	176	rec	3	258	True	False	None
482	0x5C	676	B	3	177	rec	0	268	True	True	None
482	0x5C	686	B	3	178	rec	14	302	True	True	None
